firstName,lastName,phoneNumber,streetName,city,state,zipCode,country
Marie,Cummerata,1-102-416-1445 x160,Feest Union,Rohanland,Nebraska,83045-9609,Malta
Otis,Gottlieb,407.150.1082,Marchelle Mountains,Port Ezra,Mississippi,47148,Norway
Randal,Klein,(403) 286-6913,Seema Mews,Lake Sid,North Dakota,02138,Guadeloupe
Evita,Mertz,1-628-700-6127 x97592,Legros Courts,New Lourachester,Arkansas,57828,Burundi
Garrett,Erdman,(754) 119-2825,Kihn Vista,Franeckistad,Ohio,60589-5265,Azerbaijan
Sandie,Ankunding,(982) 460-2436 x9971,Lesch Divide,Port Tuanland,Ohio,14932,Pitcairn Islands
Jamaal,Zulauf,953-898-8950 x73064,Langworth Villages,Dominickshire,Alaska,05846-3413,Aruba
Marcel,Leannon,(117) 891-4600,Fallon Roads,Port Fabianhaven,New Hampshire,30283-0614,Gambia
Clementina,Weissnat,953-131-2107,Jacobi Summit,New Brigittehaven,Ohio,33525-1529,Guam
Jona,Roob,478.860.1898 x00119,Adriana Shoal,New Santina,Alaska,06365,Kazakhstan
Clemente,Douglas,(959) 510-5946 x9727,Phillip Bypass,Port Patricia,Nebraska,30220-2819,Cyprus
Lee,Schuppe,(140) 080-0910 x796,Haag Overpass,Emmiehaven,Pennsylvania,80309,"Virgin Islands, U.S."
Thea,Ritchie,(168) 640-1341 x561,Nathaniel Drive,East Trevormouth,Florida,23737-3168,Tunisia
Talia,Dietrich,844-185-7252 x0440,Sanford Estates,Lake Sid,Arkansas,98248,Niue
Meggan,Hegmann,219.508.7138,Cordia Ramp,New Hubertborough,New Hampshire,88780-2968,Namibia
Erik,Breitenberg,820-282-0091 x0295,Ziemann Glens,Lake Isaiahfort,Indiana,06179-9274,Senegal
Cristal,Stark,1-625-406-7291 x1784,Sylvia Drive,West Mellie,Tennessee,30740,Saint Martin
Abram,Kub,1-620-831-7876 x7372,Brigette Pines,West Ronnie,Maine,58069,Portugal
Jerald,Moen,1-848-172-8217 x6348,Don View,Isrealland,Florida,55629,French Southern Territories
Jamika,Kirlin,142-809-0113,Considine Burgs,Romeomouth,Oklahoma,41116,Afghanistan
Enrique,Davis,316.875.1350,Stanton Fort,Gislasonfort,Rhode Island,42221,Lesotho
Ambrose,Bednar,(924) 597-5253 x6873,Little Stream,South Derekview,Kentucky,70743-3521,Christmas Island
Edison,Brekke,1-428-203-2886 x188,Detra Valley,Rufusport,Texas,18885-4855,Russian Federation
Milton,Ruecker,1-408-862-1856,Rasheeda Park,Deandreshire,Pennsylvania,00835-6542,Cape Verde
September,Kozey,(426) 835-0556 x4388,Celinda Avenue,Bashirianmouth,Louisiana,20767,Libyan Arab Jamahiriya
Pat,Farrell,090-750-6751,Jose Ville,Lake Jerricaberg,Montana,12742,Dominica
Kieth,Hilll,448.771.5710 x5882,Cody Hill,North Dot,Massachusetts,78430,Chad
Monte,Prosacco,1-036-113-9567 x22636,Wen Prairie,Barbchester,Washington,36930-9827,Mozambique
Lucio,Botsford,(606) 292-2693,Hilll Manor,Lowechester,Vermont,60663-0887,Nigeria
Keven,Hand,1-517-315-8633 x139,Williamson Well,Smithamberg,Oregon,58667,Indonesia
Hunter,Lesch,012-951-0616 x6005,Heidenreich Valleys,West Ethel,Georgia,35667-0505,Finland
Brendon,Nienow,1-257-963-5659 x8050,Rath Overpass,South Sharolynshire,Hawaii,81845,Botswana
Jerry,Sipes,1-920-546-4700,Irving Throughway,East Sam,New Jersey,63814-7417,Honduras
Warner,Koelpin,858-428-3329 x35434,Tomas Drive,East Shasta,Mississippi,30386-3652,Czech Republic
Luvenia,Altenwerth,023.429.6065,Garland Court,Port Vinita,Montana,33011,Niger
Colby,Lowe,253-196-2274,Runolfsdottir Lake,Brakusborough,Massachusetts,87664-0912,Tonga
Garfield,Kulas,098.973.2693 x084,Lynne Keys,Ondrickachester,Utah,59103,Turkmenistan
Edmond,Kiehn,(657) 086-8344,Nader Trafficway,Mitchelltown,Tennessee,28696-5475,Montserrat
Michale,Harvey,(047) 636-8305,McDermott Pike,Lake Marcosview,Alabama,69476,Colombia
Hipolito,McClure,425.577.7423,Cherry Lake,Port Lilla,Nevada,83260,Guam
Christiana,Von,1-879-732-4392,Jaclyn Place,North Evette,Alaska,09223-8317,Bahrain
Billy,Kris,658-346-1639 x17743,Roscoe Port,Turcotteport,Oregon,55313,Haiti
Tonie,Christiansen,682.848.4263 x866,Ezequiel Trace,East Jeneside,South Carolina,70581,Guyana
Tania,Waters,157-392-5121 x64365,Stehr Springs,Perryside,Georgia,66641,Russian Federation
Jules,O'Conner,785.286.9953 x2822,Wm Shores,Lake Karl,Vermont,53435,Latvia
Estell,Wolff,1-630-430-6875 x0191,Gina Centers,Blakeport,Oklahoma,01907-3545,Guatemala
Rafaela,Kilback,(831) 611-6860,Starr Drive,Jacobston,Montana,23598-8856,Republic of Korea
Warner,Towne,771-118-6331,Bernie Square,Cassymouth,Rhode Island,53868,Denmark
Lashawnda,Rippin,637.749.4347,Ryan Junctions,South Maudeberg,West Virginia,03860,Bolivia
Roman,Moen,225-513-4685 x04706,McClure Loop,Port Asley,Arizona,67457,Swaziland
Fay,Gutkowski,574-006-1364 x446,Cathie Fork,New Lanceport,Oklahoma,10834-1136,Grenada
Gabriela,Schultz,218-244-2906,Giuseppe Turnpike,Tessaberg,Missouri,02776,Zambia
Demetrius,Frami,201.113.4975 x864,Denese Shore,Lake Edmundoside,Oklahoma,71436-1939,Barbados
Melita,Zieme,(438) 976-1928 x42400,Schmidt Glens,East Darrintown,South Dakota,38538-5479,Swaziland
Ned,Dickinson,864.129.2981,Oren Greens,New Tomika,New Hampshire,32528,Christmas Island
Porfirio,Beer,936-229-0316,Tamika Key,Warnerhaven,Oklahoma,77910,Afghanistan
Stephaine,Grimes,(593) 850-9126,Lehner Springs,New Carletta,Wyoming,01184,Gabon
Berry,Hilpert,(207) 026-6899,Kutch Vista,West Thaddeusborough,Wyoming,58988,Myanmar
Bobby,Lebsack,1-210-324-3118 x6194,Darryl Mews,South Kimberelymouth,Arizona,47217-6008,Greece
Tony,Schuppe,1-874-361-3940 x2965,Cedrick Hill,North Helgaview,Virginia,62297,Saint Pierre and Miquelon
Granville,Dibbert,(849) 791-6391 x13814,Schumm Unions,Lake Abel,Delaware,17810-5521,Ukraine
Carolina,Stoltenberg,1-141-107-0392,Roger Square,Port Abelborough,Utah,74076,Georgia
Mose,Haley,(937) 979-8680,Cummerata Fort,New Hoyt,Montana,71037,Faroe Islands
Alfonzo,Kunze,(959) 917-6631,Alec Path,Edgarbury,Georgia,94844-2579,Syrian Arab Republic
Buster,Bartoletti,059.136.1720 x1973,Annetta Plains,Waelchihaven,Arkansas,12234,Christmas Island
Leo,Dibbert,1-302-348-9880,Weissnat Stream,New Rogelio,Vermont,24763-3659,Rwanda
Young,Corkery,(668) 979-2019,Kreiger Island,Schultzfurt,Utah,00103-4569,Slovenia
Meggan,Hand,582.932.0728 x31287,Dinorah Pine,New Bethann,Hawaii,20515,Turkey
Glayds,Hodkiewicz,758-036-2377 x866,Shields Avenue,Port Crista,Indiana,43245-3262,Aruba
Agustina,Berge,1-214-109-1952,Keven Ports,Kilbackmouth,Kentucky,21227,Djibouti
Mervin,Leuschke,156-293-3949 x60906,Toy Island,New Jone,Ohio,89999-3040,Nepal
Benito,Jaskolski,413-566-1492 x58534,Curt Village,Keshiashire,Pennsylvania,76138,Burkina Faso
Gil,DuBuque,1-125-201-1482 x547,Sawayn Course,Lake Leana,Montana,75406,Cambodia
Ariana,Emmerich,547-272-4321,Denesik Hills,Koeppton,New Mexico,76993-3337,Hungary
Lyle,Hand,809.100.8386 x65690,Wuckert Forest,Port Lloydstad,Pennsylvania,71470,Saint Pierre and Miquelon
Victorina,Wiza,211.190.9767 x2174,Tanisha Walks,West Elisabeth,Missouri,65887-8515,Cambodia
Susanna,Bechtelar,(083) 213-5210 x702,VonRueden Highway,North Rayford,Alabama,09295,United Kingdom
Corrie,Leffler,794.913.7415,Towne Unions,Blickview,Delaware,31980,El Salvador
Warren,Adams,914.094.1884,Greenfelder Spring,Littlebury,Oklahoma,56693,Moldova
Fabiola,Ernser,1-355-235-2478 x0871,Shonna Run,Earlenefort,Michigan,49003,Malawi
Cleora,Kshlerin,(203) 371-6942 x162,Matthew Mount,North Belkis,Alabama,46958,Australia
Cristine,Hickle,1-393-892-9146,Reynolds Garden,New Geraldmouth,Missouri,13803,Switzerland
Ezequiel,Ankunding,402-469-1804 x88925,Truman Roads,Kassulkeside,Indiana,88577-6065,Latvia
Annamarie,Trantow,(916) 508-8547,Jerde Road,New Dena,New Hampshire,48748-7384,Bahamas
Olivia,Yost,801.936.1305,Cassin Greens,Sauertown,South Dakota,26438-8708,Italy
Ulrike,Hirthe,(016) 073-7518,Kunze Views,North Eusebiomouth,West Virginia,29942-4288,Latvia
Verdie,Lindgren,693.160.3807 x55821,Ebert Lodge,Jonesview,Maryland,48545,United Kingdom
Keenan,Runolfsson,(222) 176-7711,Merri Well,Janeenfort,West Virginia,17829-1674,Uruguay
Houston,Boyer,1-652-033-1790 x50250,Charlyn Street,Juliusmouth,North Dakota,05070-7787,Barbados
Fernando,Bode,362-720-5751,Bruen Club,Lake Tristan,Minnesota,97829-4167,Serbia
Anton,Cruickshank,1-770-949-0922 x2233,Bailey Camp,South Warren,Pennsylvania,46381-1407,"Virgin Islands, British"
Willis,Huels,1-068-688-8318 x5298,Andreas Ford,Janaemouth,Missouri,36482,Timor-Leste
Glendora,Monahan,1-905-432-2274 x8668,Hahn Shoal,Jeraldborough,North Dakota,31370-3985,Suriname
Hedy,Pfeffer,993.779.0606 x4355,Nikolaus Plains,Cassinbury,Maryland,83267,Grenada
Merle,Gleason,1-409-734-4660,Ericka Parkways,North Roselia,Wisconsin,89881-8176,Colombia
Mario,Bailey,1-168-090-3051 x68222,Leuschke Vista,South Obduliabury,Mississippi,36070-5777,Gibraltar
Michael,Cruickshank,1-177-152-3328 x639,Fred Dam,Teresiashire,Kansas,11221-4790,Liechtenstein
Ermelinda,Schroeder,1-608-301-8736 x1996,Swaniawski Springs,Gidgetchester,Hawaii,35197-5414,Nigeria
Roxie,Franecki,232.468.5190 x42470,Leroy Throughway,Jesusaborough,Arkansas,34729,Micronesia
Margarite,Reichel,836-240-3778,Ankunding Drives,Emanueltown,North Dakota,51072-1745,Vietnam
Yoshiko,Powlowski,038.872.8627 x76464,Steuber Roads,Gibsonbury,Florida,76002,Botswana
Kenny,Jakubowski,034-338-3598 x973,Jamie Springs,Connton,Virginia,63618-9759,Saint Vincent and the Grenadines
Coretta,Langosh,(354) 842-8675 x18598,Prosacco Harbors,Schusterside,Colorado,63314-8620,Namibia
Gail,Kuhic,(983) 356-3334 x066,Micah Cliff,South Owenfurt,Maryland,22848-8217,Hong Kong
Louis,Larkin,063-578-0803,Earl Lights,Lake Sidneyborough,Oklahoma,06936-3448,Solomon Islands
Lacy,Williamson,(287) 297-4983,Collier Throughway,East Frederic,Maine,23923-1015,Nauru
Ethel,Kessler,1-926-437-8776 x6011,Jenice Fork,East Ivanaville,Iowa,65372-3707,Mauritius
Arlinda,Ward,(356) 546-2119,Assunta Keys,North Mabelle,North Dakota,97992-5928,Mali
Cassondra,Cruickshank,(269) 719-8533 x026,Shu Lodge,Wintheiserside,South Dakota,86863,Nepal
Erwin,Wilkinson,1-683-064-9704 x742,Ullrich Mews,Rodrickbury,Florida,15998-8516,Moldova
Jerome,Conroy,1-453-815-3745,Douglas Wall,New Rufus,New Mexico,17666-5414,Papua New Guinea
Ervin,Streich,268-479-4822 x6142,Delaine Wells,Mannfort,Idaho,65835-1626,Chile
Ludie,Denesik,1-738-558-4139 x3337,Lehner Well,Sipesmouth,Arkansas,96528,Falkland Islands (Malvinas)
Bebe,Walsh,1-011-299-7620,Kirk Plaza,Joport,Nebraska,35770,Gibraltar
Neoma,Feeney,(282) 875-2390 x86759,Robel Cliffs,Wizaton,Kentucky,98997-0334,Romania
Alva,Kshlerin,424-884-7465,Fern Junctions,Port Troy,Minnesota,91752-7758,Bangladesh
Pete,Stracke,1-909-826-8252 x34918,Pfannerstill Vista,Aleenberg,Wyoming,73595,Sao Tome and Principe
Williams,Muller,834-637-8722 x667,Beulah Flat,West Lamont,Washington,63817,Grenada
Aida,Abbott,196-713-0851,Wisozk Rest,Mauriciomouth,New Hampshire,78109-4294,Saint Pierre and Miquelon
Bobby,Swift,1-580-366-9528,Miguel Springs,Dibbertborough,Louisiana,26829,Cocos (Keeling) Islands
Vickey,Schowalter,(374) 820-6704 x3233,Hoppe Run,Jessieville,Indiana,01788,Mauritania
Hank,Barrows,885-650-0650,Antonina Bypass,New Jarred,Pennsylvania,20622-7185,Niger
Joella,Veum,1-598-879-8227 x20336,Kuvalis Hill,Faheyland,Wisconsin,07653-1786,Anguilla
Dori,Moen,061-616-0868 x307,Rippin Valleys,New Horaciofurt,Alaska,14426,American Samoa
Armand,Grant,(100) 906-5184,Tromp Pass,Brycemouth,Idaho,22782-7281,Barbados
Ima,Reichel,857-132-4514 x5188,Hamill Road,Kertzmannland,Florida,25543-5681,Macedonia
Miguel,Lockman,461.073.2301 x032,Tracy Heights,Kautzerport,Louisiana,25941-7417,Nigeria
Arlen,Jaskolski,1-891-459-6395 x452,Weber Estates,Port Mao,Kansas,60709,Vietnam
Elisa,Kreiger,1-641-703-7538,Haley Mountain,Ebertport,Alabama,51361-5742,Austria
Alan,Kuhn,1-568-923-7777,Camelia Lakes,Lake Birdie,Nevada,48178-4076,Honduras
Fredricka,Nikolaus,1-985-539-8497 x68853,Mayert Junction,New Jeffreyland,Arizona,47075-6569,Christmas Island
Jovita,Schmitt,1-011-628-9041,Arnette Crescent,North Wallaceberg,Kentucky,21913-3016,Norfolk Island
Angelina,Boyle,1-429-874-3131 x154,Gusikowski Islands,Westview,Oklahoma,57695,Cyprus
Carmelia,Kunze,1-818-138-4706,Dickinson Hollow,Orenton,New Hampshire,24550,Myanmar
Quintin,Goldner,960-501-5514,Dallas Burgs,East Gidgetborough,Kansas,97861-2536,Angola
Craig,Abbott,1-793-799-1380 x518,Lionel Trail,New Lawanaton,Oregon,36499,Serbia
Willene,Glover,071.337.3748 x566,Lindgren Junctions,Rodrickland,Wisconsin,58411,Benin
Jennell,Ryan,239.761.8741 x50276,Belkis Parkway,North Marcshire,Arkansas,61910,Ukraine
Ashly,Bosco,1-333-997-6856 x45034,Willms Keys,North Veda,Idaho,08743-5042,Italy
Lucas,Kessler,745-606-6345 x44683,Sporer Shoals,North Stanleystad,Kansas,03889-2500,Seychelles
Shaunna,Wilderman,069.558.2713,Frami Plaza,South Lincoln,Wisconsin,40553-7490,Isle of Man
Jim,O'Kon,(538) 913-2360 x85023,Louis Springs,Lake Johniemouth,South Carolina,79324,Republic of Korea
Glenna,Weber,349-633-4006 x47522,Fonda Summit,New Lanell,Oregon,69031,Barbados
Veronica,Cremin,338.856.7753 x7251,Swift Forks,Manport,Mississippi,02216-2928,Georgia
Ferdinand,Gleason,891.940.7697 x69462,Kertzmann Knoll,Jacobiside,New Jersey,71309-7963,Iraq
Coy,Gutkowski,272.426.2701,Jacob Prairie,West Carlos,Oklahoma,92788,United Kingdom
Nevada,Kris,959.357.6374 x113,Mertz Springs,Heaneybury,Virginia,35142-8294,Solomon Islands
Elvin,Leffler,337-699-6439 x18643,Gulgowski Loaf,West Lawerencemouth,Idaho,53042-0559,United Kingdom
Niki,Davis,051-614-5536 x25137,Dickinson Lodge,Kipview,Alaska,45702-1897,Cayman Islands
Elanor,Koch,466.855.6333,Jaymie Roads,New Faustinoburgh,Georgia,80158,Slovenia
Portia,Schroeder,805.463.1208,Leffler Crossing,Rosenbaumport,Rhode Island,33129-6650,Cote d'Ivoire
Milford,Fritsch,(771) 361-5038 x83095,Wilderman Walks,Lilliaton,Utah,90696-5129,Anguilla
Miguelina,Daniel,1-798-579-5873,Nichol Estates,Tannerhaven,Minnesota,71707-0680,Cyprus
Marquis,Hilll,651.723.0785 x83190,Botsford Extensions,New Brianne,Illinois,83784,Niue
Keren,Friesen,357-985-7063,Hilpert Road,Dachfurt,Pennsylvania,02295,Myanmar
Loma,Hintz,681.648.2213 x2301,Janey Tunnel,Avrilton,Iowa,67721,Albania
Shanika,Wolf,(563) 662-3877 x986,Gusikowski Expressway,Gusikowskiville,Vermont,86745-4101,Syrian Arab Republic
Tiffaney,Stamm,514.896.1346 x6555,Dorcas Ridges,South Sid,Connecticut,84633-7283,Cyprus
Michel,Olson,235-903-8884 x39959,Gottlieb Forges,Rosannashire,Mississippi,59042,Liberia
Maida,Hegmann,(782) 923-0738 x061,Rolfson Street,East Beulahmouth,Mississippi,07689-2520,Kazakhstan
Donald,Oberbrunner,(716) 974-8594 x59004,McLaughlin Run,North Deshawnchester,South Carolina,83310-5060,Peru
Melaine,D'Amore,(954) 699-4955 x7955,Swift Bridge,East Leathaland,Washington,73483-0660,Gabon
Lashawna,Quitzon,1-771-830-0693 x816,Royal Junction,North Leighhaven,Louisiana,97346-2531,Cuba
Dinorah,Grimes,364.563.3801,Hedy Camp,New Gema,Utah,55261,Bosnia and Herzegovina
Marlon,Tillman,(735) 196-2329 x171,Carlton Passage,Port Suzie,Minnesota,56952,Norway
Emmanuel,Wolff,685-131-7343 x85966,Bauch Stream,Aideborough,West Virginia,26907-1593,Papua New Guinea
Kenny,Turcotte,1-342-499-4078,Alejandro Ferry,South Keneth,Minnesota,88837-5753,Mexico
Aurelio,Mann,1-720-308-4698 x14863,Leonardo Loop,Scottyport,Michigan,13729,Kenya
Ernestine,Casper,(084) 525-9287 x157,Theodora Ridge,New Asha,Connecticut,09444-7073,Tokelau
Tessie,Heller,1-095-903-0742 x37808,Russell Trail,Germanburgh,New Hampshire,08781-8692,Anguilla
Liz,Mante,(707) 663-3087,Jamel Knoll,Gorczanyberg,Missouri,19578,Luxembourg
Mary,Rau,1-853-200-0042,Alexis Wells,South Franceston,New Hampshire,22711-0965,United Arab Emirates
Burton,Beatty,1-216-867-6104 x3804,Batz Overpass,South Felicitatown,Alabama,61164-8220,New Caledonia
Raymundo,Purdy,1-330-016-8504 x006,Weber Well,South Ollieburgh,Massachusetts,54712,Cyprus
Alexandria,Lebsack,1-497-947-0513,Katheleen Villages,New Lisha,New Mexico,11645-9615,Guatemala
Lyle,Lubowitz,884-474-2813 x309,Mitchell Square,New Debbyhaven,Vermont,65108,Kazakhstan
Gilberto,Bashirian,1-490-532-0835,Stark Forest,Lake Iesha,Maine,39379-1931,Guernsey
Roxy,Gorczany,(227) 110-2648 x28381,Dirk Locks,Alexanderburgh,Ohio,46323-8268,Egypt
Dylan,Tillman,850.199.4338,Padberg Shoals,Lake Zelda,Indiana,90352,Russian Federation
Leigh,Steuber,937.285.2836 x923,Considine Port,South Miquel,New Hampshire,94103-8538,Bulgaria
Frankie,Bogan,1-879-591-2841,Jeannette Place,South Aprilberg,Nebraska,46196,Niue
Helen,Keeling,(094) 580-9609 x01863,Davis Land,Port Jimmy,Nebraska,73786,Suriname
Teddy,Steuber,705.959.9379 x911,Muller Ville,Mohrchester,Rhode Island,19318-3421,Brunei Darussalam
Pete,Bernier,772.957.7295,Randolph Locks,Clairport,Illinois,58138,Zimbabwe
Terisa,Kirlin,1-700-450-7888,Aundrea View,Bettieberg,Massachusetts,57086-3083,Antigua and Barbuda
Milford,Lind,648.998.7987 x89728,Terry Ramp,Mercedezport,Washington,56947-0135,Montenegro
Haywood,Larson,079.419.2577,Green Ford,New Rhona,New Mexico,98317-9091,Republic of Korea
Maude,Abernathy,1-149-348-1593 x3212,Johns Landing,Ziemannmouth,Colorado,83552,Moldova
Erin,Mraz,897-431-4773 x46816,Kaylene Centers,West Omerville,Virginia,18066-5460,Honduras
Carmel,Mitchell,979.488.5335,Donny Lake,South Edisonfort,South Dakota,97459-0291,Germany
Chun,Davis,296-983-9532 x0638,Spencer Streets,Lake Temeka,Indiana,06352-1503,Cote d'Ivoire
Jama,Grant,1-234-956-1804 x21792,Hahn Spur,Port Gala,Missouri,34367-3257,Macedonia
Quinn,Wintheiser,(274) 112-6949,Casper Valley,Volkmanburgh,Tennessee,25220-5901,Venezuela
Pasty,Runolfsson,995.042.7076 x6010,Lesch Plain,North Levi,Texas,57306-1948,Sao Tome and Principe
Carolyne,Ullrich,240.619.4278 x70805,Carol Forge,East Terisaborough,Ohio,80932-4077,Saint Kitts and Nevis
Sandie,Kreiger,764.656.0172,Cassidy Island,Port Valorie,Washington,27202-8558,Nigeria
Leora,Fisher,724-184-8360 x684,Luettgen Highway,South Armidafort,Rhode Island,89880,Zambia
Marylouise,Hauck,1-922-830-6780,Jed Course,Yundtport,Indiana,95424-9154,Democratic People's Republic of Korea
Mario,Bailey,(519) 754-9824 x942,David Trace,East Carlotashire,New Hampshire,23775-2116,Svalbard & Jan Mayen Islands
Frank,Rice,1-202-009-5382 x706,Mohr Fords,Gleasonberg,South Carolina,82099,Grenada
Elsy,Swaniawski,(252) 815-7243 x17400,Marlana Common,New Darleen,Delaware,59674,Congo
Rozella,Kuhn,1-809-167-1460 x670,Gibson Shoals,Annabelhaven,South Dakota,94319,Gibraltar
Daniel,Jacobi,349-989-3269,Milo Mill,Kenshire,Alaska,54569-6259,Tajikistan
Eldora,Torphy,(941) 823-9186 x41493,Sauer Point,Anastasiastad,Tennessee,20480-6731,Uzbekistan
Virgilio,Walsh,893-156-8434,Jody Forest,Boscohaven,Texas,25912-9193,China
Seymour,Doyle,878.441.7367 x11494,Waters Trail,Rubinfurt,Illinois,80175,Liberia
Jewell,Ondricka,816.741.6394 x6185,Romaguera Island,Denissefurt,New Mexico,44098-1279,Slovakia (Slovak Republic)
Willa,Konopelski,(266) 660-1287,Meaghan Point,North Celinda,West Virginia,62561-6499,Papua New Guinea
Granville,Grimes,(317) 258-5377,Koelpin Flat,Merrillside,Michigan,66650,Maldives
Kelly,Bauch,960.908.2361,Rolland Vista,South Collenstad,New Hampshire,20788-5410,Norfolk Island
Karey,Considine,(489) 608-1738 x422,Rickey Way,Romeostad,Tennessee,80779-5652,Liberia
Jerrie,Connelly,740-338-9736,Shaniqua Grove,South Lane,Virginia,29682-1097,San Marino
Preston,Murazik,605.262.2307 x432,Lowe Road,Corkeryshire,Maryland,91708,Saint Helena
Johnie,Bode,(979) 117-2815,Marylee Crossing,Kathefurt,Colorado,11244,Israel
Clifford,Schroeder,(990) 104-7033 x103,Lorraine Fork,North Lewis,Nebraska,39563,Uzbekistan
Parker,Kuvalis,213-679-3390 x59937,Sophie Summit,Jarrodmouth,North Carolina,16810,Christmas Island
Patty,Kihn,478-184-1571 x9120,Dominick Street,Herzogburgh,New Hampshire,33292-9843,Romania
Carita,Morar,427-870-5260,Stanford Glens,Powlowskiton,Montana,98527-3303,Guernsey
Beau,Wyman,818.985.7096 x2479,Roberts Lodge,Cleliahaven,Michigan,17166,Azerbaijan
Verdie,Pfeffer,972.915.6682 x3660,Clora Plaza,Billburgh,Arkansas,52218-5892,Micronesia
Demetrius,Brekke,(339) 094-5205 x09502,Ciera Village,Kevinshire,Wisconsin,21635-0059,Bouvet Island (Bouvetoya)
Terisa,Torphy,1-255-123-5658,Olson Fork,South Wilmerside,Hawaii,43964,Nepal
Lowell,Robel,1-507-474-9580 x917,Jean Run,Port Warrenhaven,North Dakota,19588,Congo
Reva,Hyatt,168-795-7000 x87352,Keebler Key,Lake Teisha,Connecticut,16566,Brunei Darussalam
Adella,Harris,429.214.3634,Rosenbaum Island,Hilllmouth,Nevada,12306-4792,Tuvalu
Cheryl,Bogisich,586.364.6377 x61773,Turner Locks,Michaelside,South Carolina,66883-7352,Portugal
Mose,Hartmann,1-373-946-0140,Keith Square,North Fletcher,Utah,36200-5183,Congo
Odis,Renner,1-810-921-2163 x68909,Song Lights,Port Earline,Illinois,36875-5987,Iceland
Ty,Legros,400-536-2555 x596,Zane Islands,Legrosburgh,Wyoming,15840-1128,Iraq
Kira,Cronin,(538) 898-5614 x19411,Lavern Square,Hudsonfort,Florida,34348-6376,Costa Rica
Alfredo,Heathcote,559-458-8209,Brown Camp,West Johnsonhaven,Montana,12715,Cameroon
Sandie,Glover,1-508-417-1067 x678,Nicolas Point,Lemkechester,South Dakota,44985,Bhutan
Winfred,Goodwin,1-529-268-5902,DuBuque Light,Hahnhaven,Alaska,15294-6334,Guernsey
Ora,Toy,886.593.5548,Pfannerstill Views,Manteshire,Michigan,28550,Tokelau
Jorge,Pfannerstill,(362) 459-0505 x7759,Prohaska Ridge,Bechtelarstad,Washington,25421,Nicaragua
Irving,Kreiger,1-216-697-5965,Wisoky Garden,Vonniestad,New York,24427,Iran
Obdulia,Raynor,070-364-2742,Kaye Village,Port Arianne,Washington,87855,Solomon Islands
Cori,Goodwin,513-983-6035 x807,Courtney Corners,South Royville,Mississippi,76431,Puerto Rico
Shenika,Huel,864.764.7952,O'Conner Skyway,East Kaleighmouth,West Virginia,52913-5053,Lithuania
Maxine,Strosin,615.295.9158 x7251,Wilfredo Corner,North Jerilynchester,Iowa,44300-7042,Cook Islands
Scot,Johnston,167-849-6695 x12494,Antonio Pines,Sharylstad,New Mexico,74763,Pitcairn Islands
Beau,Labadie,(957) 376-4105,Lindgren Mission,Port Sheilahborough,Montana,50061,Togo
Vera,Schmeler,001.397.8234,Bogisich Lodge,North Genaro,Massachusetts,00236-8168,Malta
Stephen,Block,1-484-450-0200 x0715,Augusta Trail,New Kevinport,Nevada,59203-9927,Gibraltar
Ervin,Weber,506.603.4204 x425,Francesco Flats,Beattyport,Louisiana,39420-8919,Dominican Republic
Jordon,Wiegand,1-133-573-4059 x5883,Gwenda Pines,West Burt,Delaware,45859-5795,Fiji
Edgar,Terry,1-106-610-4075 x26369,Suzan Hill,North Garrettville,Georgia,62457-6899,Cocos (Keeling) Islands
Rodrick,Hayes,552.304.0687 x7673,Angelo Ridges,Hopebury,Kansas,07246,Tuvalu
Maragaret,Christiansen,1-461-109-2812,Kemmer Wall,Port Melton,Maryland,15530-9355,Maldives
Errol,Turcotte,(495) 906-3749 x16786,Jacobi Turnpike,New Constance,Idaho,94957-0745,Sweden
Dewey,Hoppe,724.245.9880,Chauncey Forges,Caseytown,Alabama,38886-1031,Belgium
Phyliss,Hansen,186.479.7899,Fisher Manor,Crooksbury,New Hampshire,97508-6311,Bangladesh
Quintin,Miller,764.220.4896 x8349,Reda Village,East Katie,New Mexico,04468-4168,Palau
Carol,O'Reilly,1-510-007-5988,Bartoletti Field,Ferminfort,Texas,19790,Seychelles
Hettie,Bernier,1-116-060-2292 x28457,Angeles Crescent,Jonahmouth,Oregon,36292,Canada
Rolando,Thiel,1-164-588-9212 x37374,Hamill Shoals,South Martin,Louisiana,51098-6412,Papua New Guinea
Arturo,Nader,597.784.4622,Nicki Summit,East Margenemouth,Colorado,99527,Wallis and Futuna
Amina,Bechtelar,662-204-1672 x890,Jacobs Gardens,Koeppland,Kansas,40729,Pitcairn Islands
Quinton,Dooley,(394) 092-4655,Elliott Alley,Cathieport,Connecticut,12174-4456,New Caledonia
Daren,Hilll,(353) 508-3497,Hayes Port,Burtonview,South Carolina,95074,Peru
Yon,Kiehn,880-309-2248 x1518,Schulist Forge,Wmville,Ohio,98144,Estonia
Elias,Batz,(509) 798-4099,Beatty Extension,Lake Danyelburgh,West Virginia,96172,Northern Mariana Islands
Donn,Schultz,269-796-4993 x089,Deena River,Connellyfurt,Oklahoma,47715-6113,Paraguay
Robbie,Howell,1-507-329-6167,Feeney Forges,Port Diedra,California,69888,Nauru
Doug,Walker,524-851-0672 x379,Fisher Avenue,Ondrickaberg,Texas,72507-7592,Georgia
Mitchel,Kassulke,713-663-4918 x1463,Friesen Centers,Lenview,Nebraska,42509-6412,Dominica
Gene,Lesch,345-786-2657 x09583,Hyatt Loop,New Doloristown,Maine,75065,Austria
Dale,Brakus,(436) 872-2618,Morissette Ford,New Annelieseville,Tennessee,24501-1916,Palestinian Territory
Yuette,Friesen,361.991.4197,Hoeger Row,West Humbertomouth,Massachusetts,73133-0749,Western Sahara
Cassi,Hayes,299-213-2726 x39713,Runolfsson Loop,West Wally,Nevada,24341,Taiwan
Shayla,Reinger,211.601.6109 x3186,Jerica Trafficway,New Phillip,West Virginia,27508-1607,Malawi
Nohemi,DuBuque,(328) 991-9822 x0911,Isaac Inlet,East Heide,Iowa,58415,Yemen
Ken,Herman,158.978.0482 x0157,Trevor Burgs,East Bryant,New York,43272,Sweden
Jordan,Weissnat,(155) 064-5190 x0563,Beata Fort,Uptonmouth,New York,68546,Tajikistan
Leticia,Mills,(992) 591-8928,Monahan Circle,Mabelside,Virginia,15297-3014,Serbia
Tanner,Aufderhar,1-987-012-7914,Shannon Extension,East Estellfurt,Mississippi,90544-0215,Montenegro
See,Spencer,(220) 375-9519 x639,Schinner Avenue,South Teshaside,Massachusetts,30819,Maldives
Ramona,Hintz,779-877-9675,Jimmy Rapids,Kautzerberg,Tennessee,79754-4003,Israel
Amal,Dooley,1-527-558-6123 x45043,Lucius Prairie,Lake Gwenn,California,76950-3315,Mauritius
Rob,Lebsack,257.827.8978,Monahan Trail,East Darylborough,Idaho,39195,Burundi
Ha,Balistreri,896-272-5844,Toney Lock,Lake Mosesborough,Wisconsin,22316-5661,Yemen
Shanae,Little,003.098.8302 x5767,Alec Station,South Osvaldo,Alabama,05621,Thailand
Jacob,Adams,817.029.0689 x752,Duane Island,Lake Taryn,New Hampshire,44943,Senegal
Jeff,Kuhn,844-708-6873 x9332,Yost Pines,North Guadalupeport,Arkansas,91840,Sweden
Jarrett,McLaughlin,435-147-5043,Ziemann Green,Teofilaborough,Arizona,07000-0161,Morocco
Oliver,Senger,1-540-045-2824,Brynn Roads,Port Jacintaborough,Illinois,28466,Israel
Syreeta,Romaguera,015-513-2593 x2921,Wan Wells,Margueritebury,North Carolina,28703-1102,Falkland Islands (Malvinas)
Susannah,Walker,1-286-868-8083 x4374,Giovanni Valleys,Braunfurt,New Hampshire,82378-9868,Iran
Jetta,Moore,196-784-2559 x9138,Celsa Green,Marioview,New York,91523,Singapore
Krysten,Mayer,1-016-578-4234 x793,Schroeder Groves,South Archiebury,Rhode Island,84835-4270,Jersey
Cyril,Ferry,1-430-771-2221 x481,Tynisha Wall,Hartmannport,South Carolina,33030,Bermuda
Lamar,Schuppe,843.547.5364 x69774,Runolfsson Haven,South Lynwood,New Jersey,90389-5013,Suriname
Klara,Olson,1-716-286-0680,Ethan Greens,Lake Pedro,Pennsylvania,03222-5351,Niue
Lizzie,Bergnaum,1-582-088-3069 x932,Goldner Courts,Port Chaseburgh,Arkansas,90394-1175,Macao
Anjanette,Kulas,338.051.5293 x82630,Vincenzo Lodge,Thompsontown,Iowa,05235-1285,Thailand
Jesenia,Hahn,319.333.8458 x157,Boehm Gardens,South Hattie,New Jersey,90936-2911,Zambia
Will,Morar,505-114-4440,Huels Meadow,Walkerchester,Massachusetts,89404,Thailand
Randolph,Fahey,(531) 877-4816 x75132,Wilderman Island,Schowaltershire,New Jersey,27854-9437,United States of America
Donnie,Becker,524.504.9954 x76525,Pagac Square,Port Carlfort,Minnesota,08250,Malta
Georgann,Walsh,195.822.6255 x62982,Powlowski Key,Murraybury,North Carolina,84426,Iran
Virgil,Kirlin,338.451.7156 x402,Rau Freeway,North Adalberto,Alaska,32761,Panama
Megan,Brown,(447) 265-4855,Padberg Flat,North Johnettatown,Alaska,26185-3189,Papua New Guinea
Sondra,Donnelly,234.616.1926 x98247,Faustino Crescent,Anetteberg,Indiana,53353-3693,Grenada
Hipolito,Kiehn,830.250.5912 x6163,Kreiger Manor,South Leeanne,Alabama,29169-9276,Vietnam
Leonard,Reynolds,1-749-873-9346 x123,Dare Spur,Samaraport,New Jersey,52538,Holy See (Vatican City State)
Adena,MacGyver,1-120-981-7759,Noble Loaf,Jazminland,South Dakota,29407,Pitcairn Islands
Isreal,King,(702) 127-1864,Hegmann Crescent,New Eunice,Arizona,12127,Guernsey
Amira,Kub,1-565-112-6164,Ernie Camp,Port Krishna,Utah,34181,Andorra
Alma,Larson,1-835-578-7911,Kohler Alley,Steuberberg,North Carolina,03750-6782,Switzerland
Adalberto,Kohler,348-187-4901 x208,Steuber Mill,Lake Louisebury,New Jersey,96040,Seychelles
Danny,Olson,690.031.6273 x4610,Goldner Pines,Hartmannhaven,Wisconsin,40097-9790,India
Thurman,Brekke,(853) 318-9837,Barrows Harbor,Port Dinostad,Wyoming,49452,Panama
Jayson,Jerde,105-382-2162,Cartwright Canyon,North Demetriusport,Nebraska,08321-8492,Bahamas
Suzy,Gleichner,1-963-562-6955 x22098,Gidget Villages,West Russshire,Wyoming,58195,Puerto Rico
Colby,Murazik,1-354-644-4967 x3240,Zachariah Plaza,New Andresside,Kentucky,45497-5254,Puerto Rico
Harlan,Cummings,415-062-5051 x5672,Aundrea Ford,Hermistonside,Louisiana,78797-1156,Norfolk Island
Dong,Treutel,(539) 245-7335 x04226,Bettie Stream,Hansenport,Mississippi,34069-0035,Mozambique
Marna,Harvey,1-900-098-0633,Murphy Common,West Lacie,Pennsylvania,59267,Togo
Edmundo,Rutherford,134-874-2817 x68112,Elnora Trail,New Vince,Mississippi,64208-7844,Algeria
Donnie,McClure,1-010-067-4587 x8254,Halley Ridges,Georgeton,Michigan,86841-8219,Sweden
Myrta,Barrows,937-904-0691,Collier Mews,Lake Clarenceland,California,85990-6419,Georgia
Dirk,Langworth,1-094-134-9696 x08470,Olson Pine,East Leeanne,Michigan,48894,New Zealand
Lana,Dietrich,287.712.1174 x403,Macejkovic Forest,New Wavaport,Nevada,62856-3606,French Guiana
Angelika,Shields,1-842-460-1514,Yundt Haven,New Eboni,Arizona,31563,Togo
Freddy,Gerlach,(256) 293-8455,Bahringer Fields,Darronport,Rhode Island,12850,Albania
Deon,Tremblay,(825) 425-6293 x21329,Andres Ranch,Samanthabury,North Dakota,16891,Botswana
Angel,Bins,1-445-697-5059 x816,Balistreri Way,Monahanberg,North Carolina,58019,Zimbabwe
Marlen,Champlin,255.006.1554 x544,Wunsch Vista,East Kimton,Georgia,00425,Isle of Man
Chantal,Wiza,426.752.4094 x231,Mayert Shoals,Ludiechester,Nebraska,13803-8371,Tajikistan
Bill,Bradtke,1-303-953-8815 x6130,Heidenreich Mill,Ullrichmouth,Iowa,67100,Somalia
Granville,Reichel,819-756-9685 x1529,Ziemann Spurs,East Andreas,West Virginia,51982-8682,Mauritania
Isidra,Swaniawski,542.375.1328 x828,Schimmel Curve,Randolphmouth,Maryland,02241-5787,Andorra
Joan,Mann,1-848-244-8994,Hae Mountain,East Fermin,Maryland,33393-1235,Gibraltar
Evelin,Klein,469.345.6845 x82293,Karole Estates,Lake Freeman,Oklahoma,25201-6025,Sweden
Delila,Boehm,(581) 384-3965 x0373,Sherilyn Isle,South Sabramouth,Oklahoma,06380-6334,Madagascar
Raymon,Fahey,667-406-0998 x731,Lebsack Ford,Lillieton,North Carolina,46367,China
Laureen,Lindgren,1-633-340-2513 x07288,Marks Island,Port Ethel,Alaska,14194,Gibraltar
Allyson,Corkery,(647) 887-7927,Kiehn Oval,Bechtelarfort,Oklahoma,06427,Holy See (Vatican City State)
Cary,Brakus,(738) 440-0272 x085,Block Meadows,Winstonmouth,North Carolina,75777,Sierra Leone
Alisia,Oberbrunner,388.689.0922 x16507,Etta Courts,South Ivonneton,Montana,45757,Uruguay
Carlo,Leuschke,449-864-0845 x73360,Reinaldo Dale,Dickinsonfort,Indiana,67626-2976,Hong Kong
Alvera,Kessler,880.386.8264,Enrique Parkways,Kovacekview,Florida,81437,Palestinian Territory
Collin,Heidenreich,1-994-171-9914 x400,Paucek Station,Port Rickbury,Maryland,41985,Marshall Islands
Eladia,Stracke,1-653-300-2990 x736,Millard Turnpike,Leoshire,New Mexico,30596,Djibouti
Kacie,West,772-307-2465 x858,Francis Ferry,West Beaumouth,Alaska,36758-7594,Samoa
Kiesha,Stark,(577) 050-0022 x501,Fahey Mews,Shawnnaview,Arizona,56063-6324,Lao People's Democratic Republic
Salvador,Ullrich,(424) 920-3880 x6549,Schmeler Point,New Bricefort,Maryland,49173,Greenland
Ola,Kassulke,(316) 668-4966 x085,Moon Dale,North Jeanetteland,Texas,50482-5689,El Salvador
Wilburn,Zieme,688.571.1325 x078,Franklin Ridges,East Eddie,Michigan,98050,Cape Verde
Virgilio,Hermann,537-172-0325 x309,Coletta Ways,South Sunnichester,Colorado,36438,Armenia
George,Tromp,1-217-967-2595 x8060,Paucek Shores,Stammburgh,Oklahoma,83216,Marshall Islands
Ivan,Schowalter,508-465-0543,Josefa Throughway,Danyelfurt,Delaware,91157-5948,Tonga
Gary,Cremin,893-836-2659 x86893,Brent Corners,Kihnview,Michigan,26917-4722,Vietnam
Odell,Baumbach,180.386.0375,Flatley Port,Port Gayle,Pennsylvania,91697,Guinea-Bissau
Lanny,Gulgowski,899-324-7576 x883,Desmond Place,East Lindsayton,Louisiana,91455-7130,Slovenia
Trish,Schultz,525-466-7562 x1393,Tomika Dam,Lake Jaredtown,Rhode Island,14238-0195,Andorra
Bryon,Roob,622-804-2178 x27769,Graham Meadow,Jonview,South Carolina,67014,South Africa
Darrel,Gaylord,191.451.9558 x0617,Richie Prairie,Port Lashonda,Ohio,31508,Nicaragua
Nestor,Prosacco,203-862-8627,Glover Manors,Fredericaview,Illinois,18417,Chad
Erin,Parisian,537.954.2111 x2043,Gary Meadows,Konopelskifurt,New Hampshire,50085,Belize
Ute,Wiegand,(810) 061-9660,Kasey Street,East Tierraland,Massachusetts,05101-3031,Gibraltar
Siobhan,Wolf,(447) 538-0101,Ian Extension,Langworthstad,Massachusetts,36392,Cape Verde
Ola,Rosenbaum,960.614.2266 x183,Farrell Plaza,Dickimouth,Vermont,23037,Norway
Zachary,Grimes,(512) 007-2110 x6894,Isaias Gateway,Schuppechester,Kansas,07227,Bangladesh
Sanjuanita,Nikolaus,185-141-7300,Kessler Crest,Nathanaelfort,Tennessee,80626-9012,Madagascar
Edmond,Koelpin,688-725-4132 x0790,Simonis Brook,Candytown,Texas,05976-5348,Honduras
Shena,Casper,(444) 068-1986,Halvorson Valley,Rorymouth,Maine,79789,Spain
Jamel,DuBuque,(632) 940-3754,Gottlieb Causeway,Port Thanh,Florida,43768-5264,Thailand
Dorian,Schinner,581-542-3750,Nienow Parks,Port Dulcieborough,Alaska,94407,Christmas Island
Thersa,Hoeger,091-689-7529 x69083,Daphine Pass,Florentinotown,Arkansas,76601-4656,Afghanistan
Tesha,Ratke,(586) 871-3593,Reilly Dam,Port Raquel,Kentucky,17270,Guatemala
Kirstie,Wilderman,(036) 043-2437,Min Skyway,Thielmouth,Pennsylvania,55411,Tonga
Clement,Miller,1-090-276-6030 x14137,Mayer Land,Port Shenafurt,Idaho,39638-3550,France
Chung,Lueilwitz,929-744-9115 x26897,Goodwin Turnpike,Hartmannside,Idaho,19168,Jersey
Faustino,Beatty,(172) 818-0287 x678,Lowell Course,West Fosterside,Pennsylvania,58864-8229,Poland
Merna,Windler,171-626-2378 x741,Jody Ports,Alyshachester,Hawaii,96396-2829,Myanmar
Casimira,Nienow,661-569-1465 x7747,Diego Bridge,New Sierra,Louisiana,45233-5386,Aruba
Ira,Ernser,(083) 352-0821 x803,Mann Landing,Murraymouth,Virginia,25415,Saint Kitts and Nevis
Elisha,Schuppe,285-055-1696 x77544,Rayford Route,North Roryhaven,North Carolina,97181-1333,Hong Kong
Dwain,Reilly,(960) 493-8686,Neville Hill,West Jessiemouth,Massachusetts,41564-0357,Syrian Arab Republic
Renna,Murazik,550.585.5864 x9629,Bruen Causeway,Lake Samanthaburgh,California,48070,Niue
Amanda,Kozey,(489) 618-6185 x334,Sharonda Causeway,Tracyville,Idaho,99751-6853,Martinique
Phillis,Moore,1-187-575-8743,Renata Greens,New Ruebenside,Hawaii,82366,Andorra
Erwin,Greenfelder,(191) 060-9466 x634,Ebert Fork,Princefort,Alaska,08793-1039,Nepal
Lawrence,Welch,1-608-011-1043,Blake Villages,Port Britta,Idaho,71586,Belgium
Teodoro,Leuschke,(945) 575-3426 x1180,Stan Lakes,Danestad,New York,07820-7735,Antigua and Barbuda
Lesa,Will,305.257.8814 x53722,Bode Causeway,Lake Alexander,South Carolina,31063,Suriname
Alyse,Pollich,1-662-093-6437 x46798,Suanne Shoal,Rolandobury,Michigan,99603-8346,Turks and Caicos Islands
Chi,Reynolds,923.348.0646,Guy Glen,West Ressiefurt,Louisiana,61795,Cocos (Keeling) Islands
Irina,Batz,1-955-183-4078 x7922,Mozell Park,South Marnachester,Alabama,72492-8127,Haiti
Tamra,Wintheiser,541-199-5355 x5386,Cierra Avenue,South Agripina,Kansas,13552-7392,South Georgia and the South Sandwich Islands
Pandora,Jones,1-728-208-4725,Bahringer Causeway,Port Otha,South Carolina,12801-5707,Uganda
Owen,Runolfsson,1-166-712-7672 x895,Hirthe Turnpike,Shirleenfurt,Maryland,39778,Peru
Booker,Cole,1-931-968-9464,Kuvalis Coves,Hansenview,Michigan,35623-5137,Botswana
Ellen,Hagenes,1-720-680-1102 x067,Max Island,New Isaac,Washington,87934-1588,Saint Lucia
Conception,Ullrich,(577) 233-9110 x40881,Ritchie Crest,Naderberg,Wyoming,30935-6023,Bangladesh
Alta,Denesik,(933) 037-5219,Collins Mountains,New Deaneside,New Hampshire,51547,Benin
Edgar,McDermott,267.172.1981 x9481,Melva Forks,Spinkachester,South Carolina,21016-2373,Kazakhstan
Alma,Schinner,1-140-393-6414 x98959,Harley Island,Lake Minh,Delaware,21276-9248,Romania
Luther,Waelchi,012.281.3335 x438,Beatty Spur,Danelleberg,Indiana,91790-5255,Turkey
Lorie,Cartwright,1-318-346-9550 x20348,Seymour Highway,Lynchstad,Wisconsin,30552-1110,United States of America
Roseline,Greenfelder,(996) 978-1061,Pacocha Well,Aaronside,Hawaii,24150,Liechtenstein
Joline,Ward,483.210.3415,Marline Port,Lake Margherita,Missouri,15242,Kyrgyz Republic
Coleman,Anderson,(124) 565-4899 x004,Lady Locks,Bradtketon,Florida,43978,Belgium
Ian,Lockman,1-810-522-8796,Hansen Heights,Osinskibury,Arizona,34064,Micronesia
Leroy,Borer,(871) 089-6840,Bode Lodge,South Savannah,Georgia,67702-7531,United Kingdom
Renate,Leannon,(249) 927-0030 x0668,Harvey Loop,Lorieborough,Maine,88665,Andorra
Maegan,Nolan,1-229-386-6516 x797,Cathie Hills,Lake Dwainburgh,Nevada,50141-6559,Botswana
Martin,Schroeder,355.840.3228,Dicki Knolls,Port Lomachester,South Carolina,27471-1068,Armenia
Genoveva,Dietrich,977.755.3345,Kiana Bridge,North Louton,Missouri,95254-8199,Brazil
Joel,Legros,(653) 036-0655,Fausto Point,East Waldoberg,Utah,14692,Nepal
Julius,Watsica,1-750-796-7696 x30309,May Land,West Hector,Connecticut,33954-9254,Cote d'Ivoire
Tameika,Brown,(175) 809-8108,Julene Views,South Silas,Kansas,87856-6877,Hong Kong
Waylon,Wiegand,319-589-2563 x920,Reichert Wells,Port Lajuanamouth,Utah,93288-4032,Vietnam
Phil,Mueller,795.017.8177 x919,Melodee Summit,Merishire,New Hampshire,64542-7547,Martinique
Willian,Durgan,1-861-441-0699,Bergstrom Point,Lishamouth,New Mexico,94331-3167,Lao People's Democratic Republic
Bettye,Zulauf,1-837-726-7042 x785,Feest Drive,Khalilahburgh,Wisconsin,91247-9474,Cayman Islands
Jeanetta,Gorczany,1-945-873-8092,Kub Circles,West Elmer,Texas,60381,Barbados
Kylie,Strosin,1-958-580-5493 x512,Dickens Brook,North Usha,Wisconsin,83793,Grenada
Kendrick,Schinner,601.657.4178,Donnelly Mountain,East Curtis,New Jersey,33473,Kazakhstan
Dortha,Dietrich,590-452-4017 x44601,Gislason Lane,Gerlachshire,West Virginia,19751-2613,Anguilla
Consuela,Hilll,423-708-2728 x815,Aurelio Road,Lakinborough,Minnesota,15354-0991,Burundi
Albert,Windler,(147) 329-3548 x8777,Collier Crossing,Rolfsonhaven,South Carolina,32174,Maldives
Winford,Roberts,921.115.1412 x0418,Paucek Avenue,Denisemouth,Nebraska,93350-2213,British Indian Ocean Territory (Chagos Archipelago)
Kortney,Ernser,1-138-874-3559 x887,Ester Forge,North Loreta,Mississippi,23819,Kenya
Coleman,Kuhic,642.451.5560 x11982,Reilly Brook,Sherlynport,Oklahoma,74393-0423,United Arab Emirates
Neely,Barrows,663-562-3429,Hodkiewicz Throughway,Kovacekstad,Connecticut,49748,Brunei Darussalam
Osvaldo,Nicolas,540.591.4408,Jarrett Underpass,Deliaside,Indiana,81858-9130,Afghanistan
Charles,Rempel,421-994-3747 x5230,Lashawn Plains,South Hersheltown,Arkansas,47538-6249,Kuwait
Bessie,Toy,1-536-057-9748 x680,Kunze Hollow,South Lesleytown,Alaska,40621-4972,Zimbabwe
Carlton,Schinner,(055) 230-4500 x4217,Nestor Locks,Albertoton,Minnesota,00321,Antigua and Barbuda
Bryon,Padberg,1-365-571-3848 x563,Julienne Knolls,West Amalia,Michigan,49960,Philippines
Yong,VonRueden,(205) 486-5589,Eliseo Fields,South Carterborough,Maryland,60532,Honduras
Catarina,Walker,328-052-4051 x159,Kunde Extensions,Mertztown,Vermont,05795,Christmas Island
Isabell,Gleason,1-827-982-2419,Waelchi Pine,South Chet,Arkansas,25451,Ukraine
Quintin,Homenick,1-419-233-8623 x9305,Blake Stream,Port Vernberg,California,39871,Lao People's Democratic Republic
Nikole,Reichert,989-136-3602,Krajcik Gateway,Claymouth,Arizona,69822,San Marino
Shin,Schaden,1-947-884-2126 x17596,Zulauf Plaza,East Rodolfo,Connecticut,15321-5645,Saint Barthelemy
Dorotha,Anderson,(835) 701-0579,Bashirian Neck,Lake Domingoborough,Massachusetts,05376,Uganda
Marquitta,Hettinger,1-853-987-2794,Nader Ramp,Lake Jerry,Illinois,98252-2268,Cote d'Ivoire
Bulah,Prosacco,(516) 282-8247,Demetrius Well,Carterstad,Florida,05066,Cambodia
Aileen,Harris,690-482-5925 x9187,Drusilla Cliffs,South Walter,Texas,35502,Turkey
Ward,Mertz,(136) 338-7238 x9400,Kirlin Road,Johnstonchester,Louisiana,92216,Mozambique
Laronda,Dibbert,1-154-907-8324 x05561,Turcotte Camp,South Keisha,Oklahoma,50862-2656,Chile
Katharina,Hirthe,(373) 533-7793,Cronin Port,Abernathyville,Arizona,58036-9725,Congo
Quyen,Fritsch,800.763.9602 x9295,Reinger Prairie,Port Dan,Nevada,27843,Norway
Chas,Watsica,495-924-5784 x1136,Hansen Light,Salvatoretown,California,79730,Slovakia (Slovak Republic)
Barrett,McKenzie,(142) 783-1916,Huels Lock,Berryhaven,Missouri,88937,Botswana
Gale,Will,109.828.2382 x31969,Hilpert Forges,North Donnette,Idaho,44855-6584,South Georgia and the South Sandwich Islands
Lucius,Fahey,1-055-865-6450 x47500,Monahan Mount,Lake Harlandbury,Texas,22259-9400,Mozambique
Heide,Keeling,141.911.1133,Halvorson Wells,Turnerfort,South Dakota,94413-6316,Poland
Arnulfo,Little,978.568.8533 x2266,Violet Haven,North Vernon,New Mexico,70408-6245,French Polynesia
Major,Morissette,387-028-7203 x69057,Jarvis Pass,Port Ashton,Texas,94973-6826,Uruguay
Wesley,Schiller,1-049-795-6678 x51173,Alex Junction,North Mandi,Hawaii,83096,Zambia
Rusty,Casper,(525) 308-9767 x20267,Grady Loop,Lailaland,New Hampshire,56142,Saint Vincent and the Grenadines
Lesley,Swift,(752) 601-2496,Roderick Crossroad,Port Vernonchester,Georgia,23583-4736,Tuvalu
Roy,Ankunding,1-388-197-2892 x338,Ruecker View,Port Tylerfurt,Utah,78716,Mauritania
Hosea,Swaniawski,(623) 179-0402 x7794,Torrie Springs,East Eleaseview,Kentucky,50922,Isle of Man
Lois,Fisher,1-911-228-3594 x96840,Kshlerin Walks,Josehaven,Texas,83763,Greenland
Jarvis,Gaylord,794.235.2201,Keeling Lake,West Hortensiafort,Maryland,57171-8659,Maldives
Tiesha,Medhurst,1-031-710-3758 x487,Klein Underpass,North Robbie,New York,79368,Iran
Criselda,Kertzmann,312-766-8535,George Trafficway,Lake Margery,New York,52708,Russian Federation
Amina,Parker,1-924-731-9848 x274,Hudson Creek,South Eugenio,Oklahoma,12733-6778,Panama
Chong,Schneider,(899) 126-3395 x93044,Rufus Hill,North Clintonborough,California,61322-3313,Uruguay
Nikia,Dare,(335) 849-5726,Hong Parkway,Wilkinsonhaven,Missouri,58445-0997,Portugal
Fritz,Stroman,1-516-116-1209 x435,Dooley Green,Strackeborough,Arkansas,51392-6154,Iraq
Rodney,Anderson,366-949-7959 x72624,Streich Spur,Lake Tommyborough,Pennsylvania,01448,Tunisia
Stevie,Anderson,(508) 893-9502 x50939,Sid Hill,Hesselside,Florida,59015-9076,Svalbard & Jan Mayen Islands
Graham,Bergstrom,(423) 438-6458 x7969,Dewey Station,Nienowside,Georgia,91983-1682,Guyana
Santana,Walter,765.380.8249,Bambi Fords,North Rory,New York,93425,Myanmar
Jeff,Cruickshank,1-096-465-8509 x6505,Bogisich Ridges,Ceolafurt,Alaska,85580,Burkina Faso
Bill,Gleason,1-388-309-9872 x0166,Ruecker Plains,Alonzobury,Alaska,86419-6154,Botswana
Annalisa,Altenwerth,652.778.9048 x207,Harlan Mountain,South Noelfort,Alaska,91390-6750,Uganda
Shakira,Collins,719.264.5866,Hermann Centers,Paucekchester,Ohio,37277-9408,Moldova
Tennie,Berge,779.026.0114,Stephen Camp,West Freemanberg,Tennessee,92836,Christmas Island
Graig,Klein,(927) 953-6596,Kerluke Trace,Annmarieborough,Illinois,67630,Vanuatu
Kerstin,Shanahan,(030) 670-1062 x04358,Senger Manor,Solside,Utah,59488,Tuvalu
Felicitas,Balistreri,1-796-787-2408,Fahey Lake,South Warner,Michigan,97480-8441,Marshall Islands
Jame,Reichel,669-217-1299 x9749,Konopelski Extensions,North Isaac,South Dakota,34088,Colombia
Noe,Doyle,(622) 426-4143 x834,Sanford Causeway,Beerchester,Wisconsin,46855-8475,Kiribati
Wiley,Friesen,085.344.4548 x1168,Ellena Station,Port Sparkletown,Maine,42013-8525,Ethiopia
Jude,Kuphal,867.676.5292 x39403,Ivette Junctions,Predovicview,Connecticut,08308,Malawi
Jesus,Nader,511.171.1706,Von Islands,Port Christiana,Arkansas,45013,Vanuatu
Latesha,Nicolas,568.968.3988 x903,Jenae Village,East Lorenzoport,California,95584-9970,Democratic People's Republic of Korea
Josphine,Hagenes,234-104-5855,Florencia Fields,Krisview,Kansas,46600-5479,Vietnam
Johnie,Schroeder,621.078.6622 x94608,Tromp Forges,Port Cecila,Mississippi,39622,Gabon
Margery,Batz,(418) 600-9681 x4903,Mayert Forest,Port Claudio,South Carolina,70740,Oman
Chong,Flatley,1-673-151-1411 x906,Roseline Falls,Hermanmouth,Delaware,59499,Cayman Islands
Wilton,Durgan,305-626-8774,Bogan Loaf,East Reginia,Maine,68495,France
Todd,Volkman,975.832.3526 x947,Toy Parks,South Williamview,Alaska,93881-7838,Congo
Michelina,Champlin,477-866-2422,Andrew Trail,Lake Ajachester,Georgia,35215-5481,Andorra
Joannie,Pfeffer,297.315.1937 x579,Pfeffer Glen,North Nathanial,Maryland,17924,Djibouti
Amy,Ebert,(426) 320-0007,Larkin Port,West Magaretfort,Delaware,04844-6808,Antarctica (the territory South of 60 deg S)
Clemmie,Batz,974-966-7790 x2414,Wilbur Lodge,Port Trenton,Kentucky,27834,Romania
Trey,Olson,1-329-502-7372 x62297,Krysta Gardens,North Jeaniceside,Iowa,76051,Saint Pierre and Miquelon
Benita,Gutmann,033-995-6585,Johnnie Locks,Kuphalfurt,New York,62693-0811,Turkmenistan
Cortez,Grant,1-734-961-6100 x729,Durgan Hill,North Diashire,California,93248-4619,Swaziland
Wilton,Rogahn,610.146.8028 x1341,Zack Springs,Lake Vance,Texas,88237,Papua New Guinea
Janie,Bruen,(097) 020-3953,Schultz Gateway,Inashire,New Hampshire,19060,Kuwait
Murray,Keebler,1-117-373-9566,Norberto Squares,North Dustin,Wyoming,36718,Saint Lucia
Bobbi,Hansen,1-469-735-6732 x0865,Jones Common,Port Jermaine,Minnesota,77670,Bahamas
Ned,Moore,587.779.7312 x6959,Guillermo Centers,DuBuqueborough,Illinois,19883-9072,Holy See (Vatican City State)
Gianna,Conn,1-939-737-5255 x517,Hodkiewicz Walks,Schinnerland,Rhode Island,14524,Kenya
Tobi,Barton,991.115.9208,Bradtke Vista,Moenberg,Missouri,82518-4289,Georgia
Donny,DuBuque,1-797-981-7898 x4209,Graham Stravenue,Lake Joeton,Florida,83233-8786,Norway
Shaquana,Zulauf,256-360-2984 x8582,Miller Park,Lake Javier,Maryland,07540,Saint Martin
Hans,Hartmann,947.761.8830 x690,Merrill Walks,Lake Elisha,Louisiana,77276,Jordan
Kristofer,Ryan,980-225-9359,Hermann Glen,Lake Brockview,Wisconsin,33800-7073,Lesotho
Sebrina,Kshlerin,656-060-8682 x6172,McDermott Island,Judeport,Michigan,41493-8876,Qatar
William,Bosco,(349) 042-0932 x32066,Hackett Heights,East Felixton,Massachusetts,90688,Saint Pierre and Miquelon
Ophelia,Wuckert,(814) 943-0357 x2088,Kutch Ville,Jeffreyland,California,49395-3737,Ethiopia
Roseanne,Morar,(866) 492-4625,Jacobson Corners,North Emileemouth,Connecticut,81297-4552,French Southern Territories
Denver,Bergstrom,646.676.8310 x0016,Considine Passage,East Gastonfurt,Wyoming,14018-2172,Thailand
Gerald,Gerlach,434-680-6349 x4305,Latoya Path,Lake Zoraidaborough,Iowa,58775-4492,Vietnam
Andree,Donnelly,940-738-2614,Windler Lake,Lake Marinda,Kentucky,91046-3557,Guam
Peter,Kerluke,(571) 298-0203,Deckow Lane,Port Dannieburgh,Idaho,26810,Poland
Genie,Rolfson,347.988.3553 x264,Hand Fork,Kutchside,Wisconsin,57353-3004,Honduras
Kareem,Grady,1-024-391-9449,Willms Hollow,New Richardview,Washington,10434,Greece
Sheri,Beahan,096.363.4915 x03744,Haag Mountain,Cruickshankberg,Iowa,84245-2549,Iran
Darren,Bergnaum,823-883-6733 x15585,Smith Lodge,Rudolfmouth,Virginia,12395,Holy See (Vatican City State)
Art,Orn,(265) 412-2761 x405,Davis Oval,Katlynfort,Pennsylvania,38110,Belgium
Hector,Farrell,(572) 235-5672,Green Mews,Averytown,New Mexico,93231-2377,"Virgin Islands, British"
Rob,Volkman,187-875-2977,Ullrich Rapid,Port Rachelchester,Pennsylvania,88988,Eritrea
Candy,Thompson,(422) 501-4498 x86305,Legros Divide,West Kamichester,Nevada,92722,Tonga
Merrill,Goodwin,1-451-468-3622 x25280,Mimi Shoal,Port Consuela,Massachusetts,75063,Samoa
Henrietta,Aufderhar,1-344-053-1268 x88202,Rice Lane,Lutherborough,North Dakota,67629-2048,Montenegro
Julio,Fadel,(809) 330-8763 x94079,Cicely Springs,Rauburgh,Delaware,62408,Taiwan
Leon,Gusikowski,(214) 254-1751,Cummings Walk,Ziemannfort,Maryland,20175-4684,Poland
Jan,O'Hara,1-934-002-9482 x6988,Naomi Rapids,West Lizethborough,Florida,40461-0593,Jersey
Shawn,Mayert,241-867-7677 x31603,McClure Plaza,Schneiderhaven,New Mexico,19064-0093,Finland
Wade,Hilpert,838-695-4825 x504,Mayer Groves,South Erwinborough,Wyoming,87106,Poland
Nidia,O'Reilly,523-752-8368,Federico Cape,South Leah,Texas,06196,Western Sahara
Daisey,Dickens,(972) 679-5463,Altenwerth Springs,Predovicland,Louisiana,18425-4127,Lesotho
Elmer,Graham,(107) 046-1659,Guadalupe Corner,South Jessieburgh,Nebraska,86285,Saint Martin
Loida,Towne,408.308.5396 x4534,Lourie Club,Rutherfordhaven,Oklahoma,91003-1466,Fiji
Cyndy,Wisozk,249.651.8917 x7201,Jeffery Camp,West Ruthieside,Utah,63675,Mozambique
Ayako,Koelpin,462.140.8071 x050,Roger Circles,Ondrickaport,South Carolina,46988-6210,Eritrea
Sang,Schmeler,(872) 674-1406 x455,Lauren Extensions,Micahchester,Wyoming,45236,Chile
Carina,Bode,263.573.0875 x65580,Twila Fall,Normandside,Utah,97102,Benin
Ramona,Maggio,049.027.8197 x94001,Emil Radial,West Muoiberg,Alabama,35488-0835,Burkina Faso
Marine,Armstrong,437-140-0658 x22588,Ondricka Passage,Nikolausbury,West Virginia,06487,Kuwait
Luis,Adams,1-450-646-7780 x6676,Chanell Plaza,East Benedict,North Dakota,33985-9398,Taiwan
Harlan,Batz,261-550-3162 x62933,Scarlett Prairie,Hermanmouth,Maryland,02788-8216,Saint Vincent and the Grenadines
Toshiko,Zemlak,713.367.8969 x347,Lamont Ridges,Lake Alberta,Florida,59057,Norfolk Island
Celena,O'Conner,119.292.7935 x676,Carter Harbor,South Agnes,New Hampshire,45251-9840,Guernsey
Fletcher,Fadel,1-939-069-1346 x0988,Mayer Passage,New Mitsuechester,Oklahoma,79112,Djibouti
Buddy,Ledner,201-127-6197 x066,Krajcik Mountains,Boyleside,Idaho,76104,Honduras
Rex,Simonis,825.833.2201,Leeanna Mountain,Melvinport,Georgia,39383-1316,Northern Mariana Islands
Lissette,Crona,1-796-723-7327 x514,Wisoky Course,Robelmouth,New Jersey,57620,Honduras
Robt,Runolfsson,720-482-1731,Roosevelt Shores,Olsonburgh,Virginia,52305-0945,Norfolk Island
Freeman,Bechtelar,(332) 280-6546 x703,Zulauf Glens,Kilbackport,Wyoming,15257-9235,Guadeloupe
Hiram,Johns,1-681-471-3138 x946,Kurtis Center,Madiemouth,Nevada,38045,Venezuela
Fairy,Hane,(173) 064-3562,Walton Islands,Port Brendonhaven,Missouri,98888-0028,Madagascar
Ollie,Abernathy,161.299.4839 x58099,Ferry Forge,Streichtown,Arkansas,59918-6005,Malaysia
Jasmin,Zulauf,101-665-2415,Glover Plaza,Inezton,Rhode Island,13455-0659,Maldives
Matt,Baumbach,074.983.3918 x01039,Nikolaus Fort,West Jaimee,Maryland,69190,Armenia
Bernard,Ullrich,386-552-9592 x443,Labadie Station,Leonville,Missouri,43512,Congo
Lucie,Nitzsche,670-925-5552 x85343,Chung Throughway,New Kandi,Delaware,18706,Equatorial Guinea
Sarita,Cassin,1-795-004-3785 x82662,Turcotte Plain,Lucillechester,Massachusetts,66025,India
Donny,Abshire,579.684.4659 x3204,Jaye Run,Raquelbury,Maine,29618,Luxembourg
Elise,Koch,845-126-2628 x25480,Bailey Pine,Meeview,New Mexico,15155-2770,Turks and Caicos Islands
Adina,Zieme,284-817-8031,Koepp Ridge,East Burl,Illinois,67639,Spain
Lyn,Rippin,871.260.0059 x388,Treutel Centers,Norbertmouth,Georgia,01548,Ukraine
Micah,Nikolaus,(344) 175-8177 x80396,Pouros Village,Ziemeburgh,Oklahoma,74638-1039,Bermuda
Nu,Carter,861-835-1641,Onita Stream,Ghislainetown,Missouri,83405,Thailand
Stefania,Gaylord,1-295-700-6121 x858,Stephen Inlet,West Alfred,Florida,80855,Finland
Providencia,Conroy,940-024-1880 x7223,Thompson Roads,Mrazmouth,South Dakota,48483,Saint Pierre and Miquelon
Rosalia,Harvey,061.919.3670,Douglas Dale,Lake Wm,Ohio,12519-9263,Cuba
Latrisha,Gleichner,1-585-001-1230 x67416,Larson Dam,New Jae,Tennessee,04642-9422,Niue
Katelynn,Keeling,703-093-1378,Kihn Ramp,Lake Berniecebury,Oregon,86752-2362,Cameroon
Benita,Torphy,694.583.7339,McKenzie Tunnel,Port Cammystad,Michigan,16532,Vanuatu
Wayne,Padberg,197-997-1934 x8970,Chet Flats,Roxannshire,Montana,26877-7624,Ghana
Pamila,Brown,916-136-9443 x5348,Dewitt Rest,Rodstad,Alaska,36902-8691,Falkland Islands (Malvinas)
Wiley,Block,385-796-3519,Mueller Inlet,Masonburgh,Oklahoma,73691-4173,Yemen
Dennis,Morar,750-488-3865 x06860,Daniel Center,VonRuedenfurt,Maryland,35079,Swaziland
Tyrone,McCullough,169-864-2046 x6919,Stracke Lights,West Herbertport,New York,31443,Mozambique
Alyssa,Hegmann,392-213-8947 x52074,Schoen Crescent,Elsaborough,California,59063-6109,Cook Islands
Edison,Conroy,860.044.4493 x3802,Veum Grove,North Sybil,South Dakota,30542,Mayotte
Vicente,Kirlin,166-382-6012,Vena Road,Utemouth,New Jersey,19772-8924,Colombia
Rodrick,Bayer,(970) 862-6312 x473,Jaskolski Throughway,North Angila,North Dakota,40895,Saint Vincent and the Grenadines
Deon,Olson,1-782-022-3437,Sipes Valley,North Wilberhaven,Louisiana,63745,Tokelau
Rashad,Cassin,1-989-460-3875,Prosacco Green,Sethfort,Rhode Island,74186,American Samoa
Terrell,Rempel,447-509-7081 x238,Talia Ways,North Kristinaberg,South Carolina,70449-8872,Papua New Guinea
Kerry,Mueller,452.059.3965,Hills Shore,South Katelynnmouth,Ohio,31773,Anguilla
Catrina,Champlin,440-464-2750 x6385,Trent Turnpike,West Amberly,Nebraska,18996,Angola
Ja,Kuhn,(192) 234-9950 x15500,Moore Ranch,Amandaville,Tennessee,97573,Wallis and Futuna
Kyung,Quitzon,249.786.9366,Stoltenberg Village,Mercedesstad,South Dakota,72774-5273,Fiji
Zane,McClure,1-653-638-6075 x001,Rowe Place,Tadside,Nevada,43407,Kuwait
Arthur,Kiehn,(725) 829-7058,Ricardo Hills,East Madaleneport,West Virginia,64385-8900,Vanuatu
Rosetta,Weimann,(604) 307-1742,Schuster Views,North Daltonshire,Delaware,99168-1331,Finland
Winona,Stokes,(405) 147-0633 x16048,Henrietta Ramp,Marianelaside,Colorado,75652-7970,Norway
Andera,Koch,1-468-834-4995,Zoraida Greens,Carterburgh,Delaware,23043,Bosnia and Herzegovina
Ronnie,Pacocha,385-425-0354,Grant Locks,Port Marielamouth,Delaware,07456,Tajikistan
Yong,Ullrich,1-077-328-1452 x5695,Josef Vista,Darronchester,Ohio,39739-2905,Northern Mariana Islands
Jame,Kuhlman,1-324-323-1266 x930,Hoeger Mountain,Zonashire,North Dakota,20466-2842,Slovenia
Chantel,Hilll,(905) 289-3672 x8006,Corwin Rapid,North Nancey,Colorado,92845-9785,Kuwait
Genia,Gleichner,434-305-8630,Hauck Corner,West Elwoodfort,Arizona,19316,Brunei Darussalam
Stacey,Hoppe,171-925-1551,Ruecker River,Lake Alexandria,Nevada,60718-2416,Greenland
Sherrill,Cartwright,1-469-256-3657,Paucek Point,West Harley,Oklahoma,62346,Kyrgyz Republic
Maire,Anderson,759.341.1182,Terry Squares,North Haitown,Michigan,44420-7681,Norfolk Island
Doreatha,Yundt,1-209-401-9999,Duane Loop,Brendaville,Iowa,75200,Puerto Rico
Carlee,Cole,395-514-6070 x459,Karen Estate,Strosinbury,North Dakota,33293-1652,Lithuania
Bart,Upton,(764) 576-9838 x44812,Samuel Bypass,Kerlukeshire,Nebraska,06874,Saint Lucia
Tanner,Rolfson,1-516-748-0458,Smith Valleys,Dariushaven,Virginia,32623-5308,Uganda
Morgan,Heidenreich,(894) 385-1909,Kylee Light,Larsonfort,Idaho,26465-4056,Bangladesh
Hellen,Luettgen,952-480-2896 x980,Hettinger Wells,Johnsiechester,Texas,39305,Australia
Brice,Toy,(674) 237-1420 x29598,Felisa Point,Port Korychester,Ohio,12602,Croatia
Evelyn,Fadel,(957) 959-1237 x12295,McCullough Course,Pricillaview,Oregon,55126-1102,Montenegro
Rosario,Donnelly,1-269-024-7346 x22279,Quigley Glens,Port Lakieshaborough,Vermont,30702-9415,Colombia
Larhonda,Roberts,(248) 418-1140 x4523,Drew Manor,North Major,North Dakota,25137-3692,Norfolk Island
Jim,Williamson,047-842-6924 x6260,Robbie Locks,Gulgowskiburgh,New Hampshire,33848,Heard Island and McDonald Islands
Lynne,Wunsch,(836) 123-3419,Shu Canyon,East Hubert,Kentucky,36057-6266,Czech Republic
Jennie,Cruickshank,(438) 758-8602 x9958,Torphy Plaza,Lake Joannie,Pennsylvania,56913,"Virgin Islands, British"
Willie,Gibson,1-480-476-6607 x81810,Chrissy Roads,East Jo,Missouri,13547,Kuwait
Chance,VonRueden,(027) 208-0917 x77719,Venessa Field,Leenamouth,Oregon,21639,Czech Republic
Boris,Tromp,493-747-8305,O'Keefe Point,Lake Valberg,Arizona,46504-5688,Singapore
Elvin,Shanahan,(407) 081-0145,Tiffani Springs,Lonnyhaven,Wisconsin,72161,Serbia
Cindy,Marquardt,587.974.1655,Cary Ports,Kacyfurt,Rhode Island,55004-5670,San Marino
Mi,Stehr,1-452-584-2495 x10479,Barton Oval,Walshview,Vermont,60322-4737,Gabon
Huey,Prohaska,705-069-4879 x787,Stroman Glen,South Albert,Tennessee,43890,Samoa
Mamie,Hammes,148.693.8166,Langosh Cliffs,Padbergburgh,Pennsylvania,86381,Faroe Islands
Rafaela,Crooks,(875) 309-1525 x6914,MacGyver Square,East Ana,Nebraska,95384,Guam
Ellsworth,Flatley,(039) 397-0179 x4444,Beatty Extensions,Gwendolynberg,New Mexico,58798,Maldives
Wanita,Gutkowski,1-487-229-4481 x83648,Schneider Ports,Hagenesside,North Carolina,17273-9467,Cape Verde
Elodia,Koelpin,657-365-6310,Lauran Bridge,Port Carltonmouth,Colorado,69367-8862,Estonia
Else,Abbott,1-844-307-0128,Baumbach Loaf,North Jaymefort,South Dakota,69755,Benin
Velia,Stehr,300.409.3468 x12776,Shan Freeway,Port Dannyton,Ohio,38721-0378,Suriname
Boyce,Cruickshank,1-883-905-6487,Rima Ferry,Smithamchester,North Carolina,47570-5592,Nigeria
Arlette,Ziemann,334-120-1781,Milford Run,Shawannastad,Arkansas,87252,Kuwait
Everett,Gorczany,066.896.6856 x26082,Rudolf Brooks,Lake Sonny,Washington,28462-1602,Mauritania
Marlene,Leannon,026-609-4488,Hamill Vista,Fayside,Georgia,98376-5858,"Virgin Islands, U.S."
Napoleon,Kerluke,675-508-8638 x4131,Legros Burgs,Eldontown,Missouri,31727,Monaco
Stuart,Bednar,(442) 653-6170 x5713,Dion Place,New Norahbury,Colorado,10684-8631,Madagascar
Argelia,Ernser,179-981-6024 x969,Champlin Dam,Lake Herschel,New Jersey,21363-3173,Lebanon
Norbert,Okuneva,1-240-227-1230 x2978,Fritz Manors,Altenwerthmouth,Massachusetts,66912,Brazil
Paris,Hyatt,1-198-042-6024 x257,Cole Manor,East Warren,Alaska,49009,Turkey
Chassidy,Bergstrom,626.293.0461 x483,Hartmann Ford,Stoltenbergport,Montana,35672,Kenya
Pamila,Hickle,1-501-239-6964 x014,Lakin Spur,Leanoraberg,Tennessee,17426,Nauru
Mohammad,Moore,601-672-4896 x475,Borer Summit,North Felipefurt,North Dakota,90828,Armenia
Anabel,Lehner,(522) 421-2540,Graham Meadow,Port Odilia,Alabama,74398-5042,Kazakhstan
Luciano,Willms,518.669.0804 x07494,Wintheiser Causeway,South Burton,Montana,69701-5139,Morocco
Joey,Orn,(932) 566-7126 x032,Klein Dale,Port Brandee,Connecticut,75434-4479,Nicaragua
Stanford,Hermann,462-661-5290 x829,Stoltenberg Estates,North Mozellefort,Florida,76860,Lebanon
Jerilyn,Von,766-663-4046,Chas Creek,Port Ericville,New Mexico,51986,Cote d'Ivoire
Jimmy,Flatley,699-350-0772,Calandra Hill,Port Parker,Arkansas,77259-5096,Republic of Korea
Lynwood,Parker,1-608-331-8277,Eden Station,South Shane,Wyoming,91002,Uzbekistan
Alexa,Tremblay,994.082.5161,Walsh Pass,Kariefort,New Jersey,05580,Jordan
Antonio,Green,338.658.1689 x31300,Swaniawski Islands,Loriston,Ohio,21567-4553,Haiti
Hermila,Stehr,748.895.3095 x32315,Wisozk Streets,Schmelerland,Delaware,01086,Turks and Caicos Islands
Kristen,Larkin,416.491.6468,Emmitt Green,Tasiabury,Ohio,35404-3609,Bangladesh
Madeline,Marvin,1-616-015-0084 x2428,Augustus Trail,Lake Maryroseside,Idaho,06042-3082,Syrian Arab Republic
Adolph,Turcotte,381-582-4475,Alvaro Mall,New Clintonberg,Florida,50486,Venezuela
Corey,Zieme,(505) 220-8713 x68063,Bennett Meadows,North Cordiamouth,Iowa,20554-9514,El Salvador
Jeremy,Hyatt,500.247.6287 x1503,Brown Burg,Port Keiko,Hawaii,83945,Bermuda
Theo,Wisoky,(162) 646-5306 x1081,Towne Mountain,Lurafort,Montana,45077-7663,Venezuela
Manuel,Kerluke,711.425.9777,Robbi Lodge,Charlesmouth,Wisconsin,01621-6518,French Guiana
Kacie,Pagac,157-194-1158 x8019,VonRueden Club,Chassidytown,New Hampshire,78880-3711,Guinea-Bissau
Clarice,Mueller,122.906.5452 x751,Leannon Falls,North Stepheniemouth,Texas,29708-1049,Tokelau
Amy,Doyle,1-159-303-0960,Lamont Vista,South Adelaidachester,Nevada,04347,Guatemala
Heather,Schaefer,426.151.7589,Roy Island,Efrainborough,Ohio,34670-9416,Panama
Rene,Olson,(842) 601-5881 x9718,Roob Garden,South Elvinburgh,New Hampshire,19746,Nepal
Emelda,Purdy,1-021-782-4257,Suzie Radial,Kozeyberg,New Mexico,68976-2664,Saint Kitts and Nevis
Les,Bailey,885-227-2893,Weissnat Extension,Loriaville,Idaho,04871,Namibia
Lynn,Rohan,1-528-758-7456,Ritchie Terrace,North Karan,Florida,60485-8828,Jordan
Amado,Ortiz,(911) 182-8705 x513,Donald Ports,Balistreriborough,Connecticut,48167,Grenada
Chung,McLaughlin,975.745.5588 x93977,Laila Valley,Lake Willismouth,Minnesota,09950-5680,Namibia
Marquitta,Rosenbaum,(716) 917-0226 x3591,Dibbert Way,Charlynhaven,South Dakota,61824-4629,Falkland Islands (Malvinas)
Katharine,Kunze,1-697-102-9155,Digna Ridges,West Barrieburgh,California,75620,Puerto Rico
Myrtle,Erdman,(570) 491-5422 x81832,Deckow Ridge,North Kirstin,Connecticut,74772-2736,Madagascar
Cyndi,Haag,756.346.7239 x945,Frida Lodge,Port Jessiechester,Oklahoma,36053-2968,Fiji
Ray,Cole,602.445.7934 x192,Stark Terrace,Marquardtland,Oregon,72602-8797,Sri Lanka
Gregory,Streich,736-391-9995 x7754,Margarita Junctions,Hudsonfurt,Indiana,70577,Croatia
Gala,Davis,875.539.1762 x437,Joline Hills,Port Rogeliohaven,Missouri,34618,Armenia
Magen,Barrows,776.685.8557 x7643,Agnes River,Pennyburgh,South Dakota,35481,Afghanistan
Robyn,Abshire,012-670-3222,Welch Stravenue,South Ching,Wyoming,33762,Angola
Jannette,Boehm,227.109.3743 x4854,Kilback Springs,Zacharyside,Delaware,92823-7612,Djibouti
Yael,Feest,1-863-353-2865 x217,Wintheiser Trace,Schulistmouth,Iowa,69907-1993,Fiji
Agustin,Hyatt,304.290.6189 x0507,Gale Port,Lake James,Maine,20884-7099,Benin
Tashia,Ebert,583.227.2056 x0288,Lilian Estate,East Emilia,Georgia,89343-3121,Greenland
Bobbie,Langosh,735-508-2521 x572,Halvorson Drive,Lake Kerryview,Alabama,31645,Seychelles
Dalton,Emard,456-226-5414 x036,Doyle Well,Lake Benny,Arkansas,68362,Ukraine
Zenaida,Frami,(462) 885-6283 x60262,Prohaska Meadow,South Ioneberg,New York,61644,Vanuatu
Ali,Welch,322.109.9301,Kuphal Islands,Connellyview,Rhode Island,91161,Maldives
Donna,Shields,591.774.8394 x80627,Anja Mission,South Dean,West Virginia,21827-0022,Czech Republic
Susann,Renner,352.047.5817 x1948,Cicely Path,New Lesley,California,71961-7567,Chad
Dorian,Wilkinson,(731) 535-1418,Farrell Inlet,Port Carmaview,South Carolina,98989-3475,Oman
Rory,Grant,1-510-284-2241,Elliot Mills,Blairhaven,Texas,32809-7775,Togo
Miki,Feeney,1-180-766-0291 x507,Sipes Rapids,Lake Rossside,Minnesota,77543,Western Sahara
Roman,Ferry,1-710-068-0706 x10622,Mel Gardens,Boydmouth,Minnesota,50550-8412,Greece
Adaline,Schuster,149.285.2618 x33181,Reinger River,West Ling,Maryland,80429,Central African Republic
Freda,Kessler,(427) 152-9907 x882,Tromp Drive,Rolfsonview,Texas,63064,Northern Mariana Islands
Derrick,Ziemann,246-597-9921 x39948,Monty Way,New Adenachester,Oregon,95908,Micronesia
Marshall,Shanahan,003-083-4097,Hintz River,Kshlerinside,Mississippi,10997,Tonga
Coy,Ruecker,1-735-876-4302 x130,Ruecker Estate,Louveniashire,Arkansas,92765-7242,Bangladesh
Heath,King,332-763-5951,Nicolas Road,Mirnafort,Nevada,68957,Christmas Island
Oscar,Christiansen,(472) 188-1311 x4921,Will Loop,West Penelope,Minnesota,18090,Venezuela
Yessenia,Morar,015-010-0406 x99740,Smitham Road,West Loniview,Illinois,91386,Jordan
Freddie,Jacobs,(165) 319-4897,Mora Vista,East Bret,Utah,79917-3304,Indonesia
Fermin,Greenfelder,(938) 549-2200,Jack Well,Melanihaven,Nebraska,75556-2533,Saint Helena
Darrick,Veum,1-924-260-1558,Davida Circles,New Luciusview,Virginia,36189,Congo
Stephania,Hermann,1-578-489-8547,Gorczany Trail,North Jody,Iowa,69100,Colombia
Cheryl,Windler,211-946-5677 x565,Nicholas Pines,New Adan,New Mexico,11823-4800,Guernsey
Dale,Boyer,443-818-2052 x043,Humberto Turnpike,New Marshall,Oregon,11063,Moldova
Marylee,Beer,1-590-149-2251,Kozey Point,Terresaton,Maine,55124-8793,Bolivia
Tyree,Kautzer,1-073-592-9787,Jann Mill,Port Salvadorstad,South Dakota,26038-7115,Azerbaijan
Lenard,Johns,(653) 943-0695 x1132,Enrique Divide,Pagactown,Nebraska,70205-3846,Hong Kong
Michael,Zemlak,1-033-229-4203 x75076,Fahey Orchard,Jasminechester,Michigan,27194,Benin
Cedric,Hane,667.427.0749,Swaniawski Streets,Bobbiefurt,Texas,26803-0988,Honduras
Yon,DuBuque,383-983-1445,Kasey Manors,Nicolasside,Nebraska,21765,Saint Vincent and the Grenadines
Dean,King,(993) 872-1838 x7129,Orn Village,East Orvalfort,Kansas,11262-6549,Malaysia
Brianna,Windler,1-292-689-8203,Renner Square,Legrosfort,Rhode Island,88049-2936,Botswana
Rodrick,Kuhn,360.675.9013,Walker Pine,New Son,Louisiana,44848,Japan
Brenton,Vandervort,427-474-5008,Quigley Field,Dachview,Oregon,15025,Saint Helena
Tara,Okuneva,(261) 685-7386 x16685,Gidget Stravenue,Medhurstchester,Hawaii,91005-3044,Thailand
Marshall,Gerlach,966.270.3820,Hiram Crescent,Satterfieldstad,Ohio,19203-8092,Liechtenstein
Sheba,Leuschke,(367) 801-0827 x8803,Kevin Ford,Barryland,Missouri,48742,China
Mervin,Rempel,328-912-6673,Metz Field,East Vasiliki,Montana,33078,Antigua and Barbuda
Lacy,Friesen,1-984-659-4412 x3782,Kuhn Camp,New Jayville,Hawaii,33491,"Virgin Islands, U.S."
Claud,Morissette,1-173-733-6006,Nader Port,Blickmouth,North Carolina,50957,Montenegro
Dawne,Terry,1-697-718-6255 x439,Carman Corner,North Karmen,Alaska,23783,Belgium
Lacresha,Ferry,1-955-178-0292 x578,Korey Track,Hagenesland,California,94456,Argentina
Jacquie,Erdman,072-573-0653 x5523,Deanne Ridges,West Shelleyhaven,Connecticut,55791,"Virgin Islands, U.S."
Clarence,Mann,988.852.9099,Schumm Tunnel,Lyndseyborough,Oklahoma,06132,Norway
Candy,Brown,1-962-680-7818,Elvira Stravenue,North Kip,Montana,13116,Trinidad and Tobago
Daniel,Wyman,1-980-774-5380 x095,Thad Trace,Adamside,Mississippi,46741,Saint Lucia
Aimee,Daugherty,1-480-348-4084 x4468,Stoltenberg Parks,Lake Mosesview,Nevada,21981-8331,Latvia
Lori,Wisoky,936.843.1682,Wuckert Mountain,West Malikmouth,New York,15132,France
Yahaira,Gibson,769.664.6048 x50384,Hai Court,West Hisako,Nevada,62188,Tuvalu
Abe,Cartwright,971-614-3747,Jackie Views,Hilpertburgh,Indiana,59993,Croatia
Wilbur,Grady,471-860-1279 x84183,Altenwerth Ridge,New Norman,New York,22922,Argentina
Katrice,Morissette,(656) 836-5228,Nancee Light,Jeffryland,Utah,26576,Oman
Bobbie,Stehr,957-471-1173 x973,Schaden Pine,Lake Clemmie,Hawaii,78768-1908,Finland
Juan,Connelly,1-146-930-5982,Lakeesha Port,South Timmouth,Maine,85757-4783,Guadeloupe
Grazyna,Lockman,(821) 494-2095 x383,Elin Track,East Shilohfurt,West Virginia,10002-8956,Timor-Leste
Sammie,Bruen,455-062-6003,Abernathy Viaduct,South Christen,Idaho,26342,Saint Lucia
Wilber,Jacobs,550-185-5496 x0065,McClure Street,Bernhardview,New Jersey,39003,Czech Republic
Mitchell,Swift,822.062.8392 x001,Wayne Turnpike,Heidenreichshire,Hawaii,38556-3496,Bangladesh
Gregoria,Shields,905.031.5260 x342,Sook Field,North Donn,Colorado,28955-7848,Turkmenistan
Josiah,Pollich,411-462-2767,Kuphal Radial,West Emelia,Alaska,80970-8517,Saint Vincent and the Grenadines
Berenice,Walter,020-389-4745,McLaughlin Islands,Dellaville,Nevada,25933-1162,Bahamas
Coral,Schroeder,030.167.5791 x4098,Weber Path,West Garret,Iowa,52924-5103,Iraq
Rudy,Pfannerstill,101.789.0353 x721,Horace Motorway,West Ronaldmouth,Texas,78888-4327,Sao Tome and Principe
Bradly,Hartmann,962-898-3565,Becker Center,Lake Mistihaven,Louisiana,59497-7399,El Salvador
Delisa,Bartell,1-215-806-5623,Verna Stream,Fadelmouth,Alaska,90263-5661,Uruguay
Dorian,Barrows,789.462.7085 x08869,Seth Rest,Lake Adan,Alaska,03137,China
Jean,West,1-213-499-2212 x841,Corwin Coves,Quentinfurt,Utah,80003,Jordan
Lenore,Daugherty,907.141.7586 x0058,Wisoky Drives,Westburgh,South Carolina,43277-2723,Central African Republic
Milan,Mitchell,361.296.6533 x133,Little Crossroad,Gwenmouth,Alabama,26121,Central African Republic
Sonny,Yost,1-237-437-7119 x97177,King Center,North Drewstad,Delaware,74501,Mali
Lasonya,Wisoky,703-159-7704,Elliot Drive,Kulasview,Illinois,92805-1931,Senegal
Filiberto,Macejkovic,1-790-353-8429,Walker Lock,Olindatown,Washington,64012-1878,Moldova
Son,Hansen,1-723-722-1489 x0673,Zulema Passage,New Jayton,Alabama,03962-5600,Mauritania
Jon,Willms,(906) 305-1889,Willie Harbor,Wisokyland,Louisiana,72044-6334,El Salvador
Farah,Kihn,128-221-9342 x0821,Feeney Keys,Loryview,Oregon,92175-1227,Cambodia
Clinton,Beer,353-998-4620,Harber Branch,Herzogport,Maine,21102,Tonga
Alica,Dickinson,(003) 484-9267 x216,O'Conner Rest,Magdaville,Oregon,02592-2955,Hungary
Osvaldo,O'Conner,555-230-2648 x2028,Elliot Divide,East Brant,New Hampshire,75065-9654,Russian Federation
Herbert,Weimann,1-263-774-0796,Blair Isle,West Matildebury,Alaska,63376-8731,Peru
Barton,Lebsack,590.830.5728,Shantae Hills,New Laneland,Idaho,33321-0671,Fiji
Andre,Murphy,326.046.7063 x978,Ken Meadow,Port Willard,Connecticut,42254-7111,South Africa
Yahaira,Dickinson,1-150-964-8970 x5572,Bailey Freeway,North Jasminmouth,Idaho,41582-7086,Bosnia and Herzegovina
Bradford,Ruecker,1-946-608-2340 x2097,Starr Ports,Toyberg,Oregon,46221-3636,Congo
Jasper,King,389.311.1319,Wunsch Plaza,Port Hansview,Wyoming,76646-5756,South Georgia and the South Sandwich Islands
Scotty,Ward,(891) 223-5134,Herman Freeway,Gislasonburgh,New Hampshire,64456-7096,Niger
Aisha,O'Conner,478-101-2831 x615,Hilpert Station,South Anhburgh,Iowa,80436-6691,Greenland
Patrick,Leannon,(442) 105-9991 x37008,Fatima Glen,Port Mallieberg,Arizona,80249,Spain
Jeromy,Kuphal,(470) 107-2726,Kirlin Glens,West Natacha,Connecticut,51257,Antarctica (the territory South of 60 deg S)
Carl,Wiegand,1-363-387-4113 x176,Fonda Estates,East Haroldside,Utah,83569-2043,Argentina
Floria,Kuhn,(780) 898-6294,Dickinson Camp,Lake Bruce,Montana,76622,United States Minor Outlying Islands
Darrell,Halvorson,615-375-3243,Leigh Ports,New Marcelchester,Minnesota,12973,Botswana
Lennie,Trantow,862-544-0772 x555,Salvador Ford,South Lashaun,Connecticut,24144,Cuba
Lonnie,Williamson,1-925-760-0234 x975,Dawna Groves,Rodview,North Dakota,35012-3301,Botswana
Kendal,Durgan,708.486.5751 x8689,Alena Orchard,Gislasontown,Washington,55991,Saint Barthelemy
Rory,Altenwerth,(825) 703-1357 x47394,Boyle Burg,North Thanh,Georgia,89691-7732,Saint Helena
Felipa,Hills,(549) 657-3053 x0863,Angelo Alley,Port Elise,Utah,68245-6829,Christmas Island
Louis,Howe,1-041-717-7291 x670,Yelena Fords,West Miltonburgh,Georgia,52158,Brazil
Kristofer,Gerlach,797-649-8664 x2364,Juliane Tunnel,East Nevilleview,Pennsylvania,60689,United Arab Emirates
Hanh,Von,(504) 076-9077 x93586,Minerva Harbors,South Kathi,Delaware,94397-6084,Swaziland
Nam,Becker,647-481-4904 x112,Gerlach Plaza,Mieshafort,Michigan,59595-8912,Central African Republic
Neil,Krajcik,067-031-7715 x33471,Dan Knoll,Willfort,North Dakota,59282-9414,Oman
Adeline,Lindgren,(416) 979-4922 x459,Shondra Extensions,Lake Lanora,Utah,31922-8440,Netherlands
Bobbie,Nienow,(986) 505-2236 x706,Gusikowski Mission,Schillerberg,California,55429-1622,Congo
Shaun,Hilpert,(161) 736-8667 x489,Len Port,North Brian,California,20095,Tonga
Sheryl,Balistreri,(515) 280-6548,Youlanda Shoals,Port Shana,Massachusetts,08801,Antarctica (the territory South of 60 deg S)
Geri,Rohan,527.718.8716,Breitenberg Ways,Felixland,Missouri,97830-9633,Myanmar
Janeth,Olson,(813) 098-1372 x4962,Medhurst Square,New Claudine,North Carolina,59485-1750,Saint Helena
Gearldine,Nitzsche,1-148-901-5206,Murphy Loop,Kennethville,Connecticut,90358-9691,Angola
Cornell,Turner,1-341-361-5757,Tania Burgs,Chasstad,Delaware,07818-8538,Guatemala
Ned,Sauer,700.071.7933 x8814,Kiehn Locks,East Louiechester,Louisiana,77851,Equatorial Guinea
Jama,Connelly,700.990.0530 x044,Cristi Course,Cartershire,Washington,65657-1065,Norway
Donita,Douglas,1-619-414-3436,Cartwright Glen,Magnoliabury,Arkansas,71257-3472,Uzbekistan
Billy,Rosenbaum,808.953.4684,Moore Roads,West Vera,Mississippi,10973,Togo
Lino,Corkery,273-126-7442,Brittney Fork,North Carmelitaview,South Dakota,78817,Algeria
Alexis,Gusikowski,(764) 529-5244,Leuschke Forest,D'Amoreberg,Illinois,25904-6641,Latvia
Lloyd,Bechtelar,(741) 559-9920 x608,Stoltenberg Square,Daughertyhaven,Colorado,26496,Sweden
Marion,Fahey,858.676.0617,Tenisha Isle,New Sung,Ohio,80602,Cocos (Keeling) Islands
Raphael,Tillman,667-032-7953,Bartell Highway,Port Jeremytown,Massachusetts,99005,Puerto Rico
Sirena,Stiedemann,380.199.1455 x69368,Mraz Estates,Effertzton,South Dakota,46627-1034,Lebanon
Candy,Dare,540-549-0154 x815,Rath Springs,Lake Toneyfort,Iowa,17872-1535,Isle of Man
Tu,Strosin,534.863.5040,Ruecker Island,Kihnfort,Maryland,49559,Brunei Darussalam
Wesley,Crooks,(552) 055-4140 x23927,Haley Rapids,North Jayme,Rhode Island,01290,Marshall Islands
Bobbie,Halvorson,827.679.9645 x249,Cassin Island,Lake Jamieport,Maine,59776-7559,Cyprus
Isaura,Dooley,(411) 932-5739,Gislason Greens,Schillerfurt,Idaho,32377-9575,Gabon
Tim,Ortiz,(360) 016-7873 x520,Wm Trail,Bruenshire,Georgia,11651-9209,Vietnam
Galen,Lemke,372.796.1161,Grant Pine,Leschport,Tennessee,81834,Bhutan
Werner,Olson,538.638.7523 x264,Shirly Heights,Satterfieldtown,Mississippi,47291,Pitcairn Islands
Damion,Russel,1-803-374-7614 x0868,Renda Fort,Dyanshire,Alabama,06672,Tuvalu
Terra,Christiansen,750.239.6607 x837,Willms Run,North Huldafurt,Ohio,89992,Latvia
Stanford,Stoltenberg,018.334.1180,Zachariah Track,Klingborough,Maryland,30677-1127,Antigua and Barbuda
Emil,Paucek,837-041-5984,Thiel Trail,Port Altonfort,Connecticut,25476-2650,Albania
Lorraine,Gislason,637-686-0160,Sporer Gateway,Johnstad,California,46982-4496,Myanmar
Ollie,Farrell,790.322.7442 x4313,Lavern Circle,Rodriguezburgh,Kentucky,33743-8294,Turks and Caicos Islands
Brock,Harris,057-628-1481 x93607,Baumbach Port,Brekkemouth,Maryland,97256,Dominica
Dawna,Kris,004.364.3803 x07077,Savannah Stream,Lake Mazieville,Minnesota,80628-7623,Honduras
Ivana,McKenzie,806.788.1353 x1617,Hermiston Cove,South Shan,Arkansas,36581-0453,United Arab Emirates
Jay,Heller,194.854.0867 x177,Olson Harbors,Spencerhaven,Texas,85914-8139,Mali
Dee,Schulist,1-515-686-0183,Korey Brooks,Thifort,Florida,76018,Maldives
George,Waters,(408) 448-2723 x5049,Bailey Light,West Patria,Alabama,28261,Namibia
Homer,Dare,1-760-305-7746 x538,Rippin Grove,New Arnita,Vermont,04923,Tunisia
Selene,King,1-018-193-4354,Donald Springs,North Gene,Texas,99055,Tanzania
Kaycee,Zulauf,1-804-216-9248 x7142,Robbie Well,Port Terina,Hawaii,24361,Peru
Keneth,Schuppe,461.955.8651 x7963,Daugherty Canyon,South Lurline,California,92143-8827,Thailand
Shawana,Renner,1-009-709-2947,Cronin Junction,Annettton,South Carolina,50259-7891,Monaco
Laila,Cassin,1-814-825-9226 x1692,O'Conner Common,North Brandon,Mississippi,82776-6899,"Virgin Islands, U.S."
Sanjuana,Hammes,(530) 634-2954,Gavin Roads,Lake Marcelina,Alaska,34701,Bulgaria
Ashton,Wuckert,(038) 213-1292 x12023,Ehtel Hills,Lake Fredericafurt,North Carolina,55932-1692,Tonga
Lonnie,Waelchi,(858) 301-9863 x34010,Stormy Curve,Lake Armidaton,Virginia,06831-1475,Slovenia
Doug,Murazik,(365) 787-0639,Cronin Path,Kingshire,Utah,22439-4317,Kyrgyz Republic
Wilmer,Cronin,587-325-8190 x0812,Mittie Neck,East Lanetteburgh,Kansas,33000-4680,Equatorial Guinea
Lane,Lebsack,1-908-454-3370,Gutkowski Island,Lake Linniefort,Alaska,85559,Denmark
Richie,Koch,(260) 769-6150 x95641,Hettinger Glens,North Nicholle,Indiana,76937-4281,Falkland Islands (Malvinas)
Wendell,Schamberger,1-244-326-4494,Salvador Squares,Riceshire,Virginia,17932,Bulgaria
Ezra,Morissette,1-523-106-3339 x20791,O'Kon Alley,Samualview,New Mexico,56390-5340,United States Minor Outlying Islands
Fernando,Shanahan,129-361-7743,Tawnya Isle,Schambergerland,Maine,69673,Andorra
Darnell,Blanda,1-962-101-8366 x6359,Shavonne Mall,Curtisshire,Maine,47769-1219,Palestinian Territory
Brenda,Hane,737.090.0848,Bahringer Dale,Cathrineshire,Nevada,04736-9565,Kiribati
Madonna,Effertz,319-496-7765 x944,Johnsie Heights,Shenitatown,Tennessee,73455,Cyprus
Cindi,Rutherford,1-267-259-2513,Runolfsson Green,Virgenchester,Oklahoma,12486-8432,Netherlands Antilles
Harris,Jenkins,1-643-424-1603,Stroman Underpass,South Charlesetta,Ohio,27691-8234,Costa Rica
Benita,Schmeler,089.345.3167,Weissnat Stream,New Ingridberg,New Mexico,55111,British Indian Ocean Territory (Chagos Archipelago)
Salvador,Zulauf,976-735-6716 x41555,Dong Course,Marivelville,Mississippi,90434,Mongolia
Mack,Dietrich,882.724.5797 x822,Deon Streets,Sengerhaven,Florida,07281,Sweden
Shayne,Douglas,(592) 805-6516,Kihn Hills,North Ambrose,Wyoming,20683-2531,Kazakhstan
Hilton,Larkin,581-206-5841 x04631,Wyman Brook,Pourosside,Michigan,11002-1165,Czech Republic
Dusty,Adams,090-755-8258 x25434,O'Kon Lodge,North Caleb,Vermont,95959-5496,Israel
Edyth,Adams,300-339-2338 x0224,Bode Forges,West Emely,North Dakota,52846-3190,Maldives
Alden,Sporer,(523) 513-4624 x303,Lakeisha Camp,Lake Wai,Maryland,11391-5118,Panama
Philomena,Johnston,1-225-689-6603 x543,Ervin Ways,East Hilary,Kansas,80552-9484,Congo
Son,Feil,1-106-710-5905,Bartell Street,Zemlakshire,West Virginia,61287-8735,Tunisia
Lakisha,Renner,1-671-523-3106,Hauck Turnpike,East Klarashire,Tennessee,63708,South Georgia and the South Sandwich Islands
Brendon,Lang,834-217-2385,Deon Mountains,West Juanita,Tennessee,35685-3837,Israel
Marylin,Lynch,1-230-000-3714 x0162,Harrison Ford,Stokesbury,Oklahoma,98199-4737,Saint Kitts and Nevis
Gertrudis,Reynolds,1-255-476-4499 x24074,Hand Mill,Lynchfurt,Alaska,16590,Antigua and Barbuda
Shaun,Schowalter,(251) 170-1540 x714,Crist Islands,Freddieborough,Illinois,46976,Congo
Chiquita,Morar,(142) 671-9099 x73595,Mauricio Locks,Jamarshire,Wyoming,11846,Lebanon
Tandy,Larkin,1-577-340-4031,Alyce Fords,South Holly,Florida,55970-3160,Honduras
Francesco,Ruecker,1-285-895-0408 x446,Violet Stravenue,Carminaside,Colorado,99737,Paraguay
Jean,Pagac,(884) 077-9527,Ruecker Vista,Port Leland,South Carolina,76327,Cameroon
Jennie,Ebert,216-010-4442,Mitchel Isle,Hilllbury,South Dakota,94003-0655,Sierra Leone
Brett,Kuhn,139.173.9829,Rath Forks,East Gladismouth,Montana,10447,Botswana
Queenie,Lebsack,470.563.5671,Wyman Streets,Mannbury,Maryland,98464-4641,Rwanda
Lino,Gottlieb,(073) 559-6882,Roob Meadow,Petrinahaven,South Dakota,94474-6795,New Caledonia
Lillian,Murphy,(889) 441-1195,Erdman Gateway,Kohlerville,Montana,53692-4812,Mayotte
Avril,Prosacco,915.995.4352 x9312,Joy Island,West Eliseo,North Dakota,63168,Pakistan
Reggie,Bernier,374-274-4721,Torp Glen,North Normandbury,Nebraska,08279,Colombia
Pansy,Murphy,118.492.9906 x421,Quintin River,East Eric,Tennessee,22189,Morocco
Waldo,Reichert,194-673-9864 x85985,Spencer Skyway,Port Aldo,Arkansas,84312-0746,Gabon
Scot,Rau,(953) 390-3758 x547,Gaynell Court,South Baomouth,Connecticut,72238-1091,Kazakhstan
Carina,Denesik,1-199-776-2618,Deandre Burg,Lake Deb,Missouri,31679,Holy See (Vatican City State)
Jasper,Botsford,050-012-6681,Prohaska Field,Philside,Tennessee,91515,Sierra Leone
Maynard,Schuster,923.339.5807,Kunze Heights,Breitenbergside,New Hampshire,80852,Estonia
Danelle,Kreiger,468.899.4063 x370,Sherell Cape,East Timmy,New Hampshire,26902-5156,Aruba
Rueben,Wiegand,(515) 226-4228 x2589,Xuan Ways,Port Ricarda,Nebraska,99725-0589,Australia
Sung,Grimes,485.974.7710,Luigi Dam,East Nickolasmouth,Nebraska,46885-3065,Gabon
Cammy,Blick,411.551.1704,Lesley Shoal,Rodolfofurt,North Dakota,20270-1758,Czech Republic
Shyla,Runolfsdottir,211-782-3542,Leila Islands,Sanfordtown,Michigan,69081-6691,Kenya
Leanna,Schimmel,1-790-464-3345 x2654,McDermott River,Walshtown,North Carolina,21805-3101,Nicaragua
Devora,Dibbert,(039) 033-7075,Hamill Ramp,New Sonyaville,South Dakota,12615-3902,Tonga
Lyn,Grimes,(768) 599-0988 x98345,Walter Burgs,Aleciaborough,Michigan,81239-6124,American Samoa
Emmie,Lemke,(430) 967-5940 x8741,Una Groves,Jodyburgh,Kansas,08686,Cote d'Ivoire
Eric,Mueller,(372) 211-5725,Altenwerth Curve,Julietteland,Massachusetts,73115-8334,Norfolk Island
Charlyn,Rutherford,(339) 249-9483,Gearldine Radial,North Rudy,Vermont,91490,Lesotho
Alphonso,Roob,(454) 123-7294 x11866,Chan Drives,West Britt,New Mexico,76794,Guinea
Melaine,Gorczany,(625) 606-6435 x692,Nia View,South Bryceport,Illinois,67583,Guatemala
Jimmie,Hilll,1-757-625-7557 x02527,Sallie Overpass,Vincestad,Indiana,99227,Wallis and Futuna
Bethann,Hackett,1-107-878-6658 x6646,Zieme Summit,West Lonnyview,Arkansas,71177-5107,Somalia
Isaias,Prosacco,1-181-369-6193 x872,Rice Club,East Britteny,Washington,37730,Nigeria
Edward,Reilly,1-640-395-8580 x9086,Emerson Fort,Thompsonside,Louisiana,38078-2285,Svalbard & Jan Mayen Islands
Tiffany,Yundt,728.454.5495 x8987,Muriel Ports,New Jinny,California,41148,Israel
Melvin,Lynch,1-150-973-3711,Osinski Ramp,Chiquitatown,Pennsylvania,33139-5735,Saint Pierre and Miquelon
Lyle,D'Amore,1-390-473-8597 x837,Marshall Mill,Port Felicita,Alabama,53634-0255,Georgia
Oralia,Runolfsson,(687) 398-8079 x0690,Stephine Walk,Bogisichshire,Wisconsin,79589,Burkina Faso
Ella,Rempel,415-640-3550 x745,Mikel Flats,Bartonborough,Oregon,29534,Saint Martin
Maximo,Kris,1-557-058-6787 x676,Howe Rapid,Dooleyhaven,Kansas,41561,Yemen
Jere,Halvorson,916.359.4254 x638,Rosalia Cliff,Bartonmouth,Michigan,87254,Slovenia
George,Gislason,1-517-954-6986,Larkin Union,Patville,South Dakota,93841,Macedonia
Shelton,Lockman,079-409-3524 x755,Diego Circle,Granvillehaven,New Hampshire,54019-2296,Saint Martin
Vicki,Hammes,(089) 945-2577 x411,Mina Squares,Quentinmouth,Alabama,40923,"Virgin Islands, British"
Mose,Kub,(456) 745-1560,Schmidt Creek,Sauertown,Utah,17975,Cambodia
Rosann,Nicolas,1-862-030-2245 x242,Boyer Square,East Evashire,Florida,45615-7571,Tanzania
Rachael,Farrell,051-519-6994 x706,Quitzon Summit,Shoshanaville,Alabama,93960,United States of America
Stephania,Kozey,(313) 079-7747,Scot Divide,Houstonhaven,North Dakota,26969-7746,Panama
Viola,Emmerich,594-447-9748,Gulgowski River,Christopherview,Maryland,48665-8002,Republic of Korea
Lorenzo,Dach,(054) 619-2982,Maxwell Manors,North Constance,Minnesota,26040-2344,Georgia
Rodrick,Kilback,220-829-3796 x95820,Murazik Oval,Runolfsdottirhaven,Maryland,93358,South Georgia and the South Sandwich Islands
Rosanna,Stanton,818.842.5092,Pfannerstill Street,East Azaleemouth,Mississippi,85116,Indonesia
Chadwick,Predovic,1-961-186-3678 x81489,Barrie Prairie,Schuliststad,Georgia,10274,Cyprus
Floyd,Johnston,372-603-5430 x7498,Weimann Avenue,Gaylordmouth,South Carolina,12414-8319,Greenland
Marnie,Harris,261-221-0879,Orn Track,Montyland,Minnesota,33012-7563,Guadeloupe
Ngan,Barton,245.288.5119 x499,Chandra Stream,Margaritochester,New Mexico,21992,Grenada
Delsie,Hills,101-719-0123 x236,Weimann Oval,Hilarioland,Indiana,66443-5385,Serbia
Annett,Hammes,1-324-057-7975 x4057,Chana Bypass,Lake Cherriton,Alabama,10429,"Virgin Islands, British"
Antoinette,Crist,969-806-0303 x72867,Mirian Route,Boehmshire,Washington,22301,Burkina Faso
Tran,Emmerich,(682) 277-4985 x0259,Romaguera Mills,Corkerychester,Oklahoma,30095,Azerbaijan
Hanna,Goyette,176-680-4351,Fritsch Burgs,Lake Alicaberg,New Jersey,47671-9808,Croatia
Mable,Funk,485.858.5480 x44355,Aurelio Station,New Jeffryberg,Iowa,44983,Palau
Esther,Becker,1-140-165-8268,Marks Pines,Emeryfurt,Oregon,46672,Indonesia
Marshall,Walsh,(115) 763-6524,Kovacek Harbors,West Winifred,South Dakota,61142-8981,Barbados
Dinah,Hahn,594.359.5456,Wunsch Haven,East Hansfort,North Dakota,32055-0553,Morocco
Robbi,Lindgren,1-170-186-1722 x0217,Greenholt Village,Feeneytown,Vermont,53921-5830,Dominican Republic
Georgann,Nader,1-192-330-7892 x08239,Alvaro Forge,West Stanfordhaven,Colorado,70833-6977,Kenya
Kendrick,Jacobson,(633) 503-0993,Hegmann Lock,Cyrilfurt,Wisconsin,21753-0441,Kuwait
Tad,Hammes,412.084.3520 x1295,Jaskolski River,Smithamstad,Alabama,15018,Puerto Rico
Timothy,Hauck,940-828-7001 x9405,Klein Overpass,Rueckerton,Maryland,90987-9235,Taiwan
Lesa,Gerhold,206-274-1528 x1299,Lona Fork,Virgilchester,Wisconsin,42560,Indonesia
Jazmin,Welch,1-436-737-1771 x147,Streich Crest,Herschelberg,Michigan,99653,Panama
Andrea,Bergnaum,(045) 676-8673 x279,Koch Rapids,New Micheal,Texas,79943-7599,Thailand
Lonnie,Gerhold,784.405.1719,Pouros Ports,Kuhictown,Maryland,72913-4980,Morocco
Ahmed,Williamson,920.663.4898,Katelyn Place,New Carson,Alabama,79588-0604,Thailand
Denna,Pagac,1-462-079-9476,Milford Mews,Goldnerville,Idaho,05407-7546,Albania
Emil,Koepp,1-844-763-7355 x080,Juan Centers,North Vickeybury,Hawaii,77736,Jordan
Eilene,Beatty,213.148.0946 x843,Pablo Lock,Graigshire,North Carolina,61404-7820,Norfolk Island
Johnsie,Cormier,201-463-7988,Marquardt Roads,New Gabriele,California,80481,French Southern Territories
Stefan,Hand,(912) 907-8520,Ratke Islands,East Stephanieland,Vermont,11031,Sweden
Heriberto,Howell,(247) 118-1782 x76682,Carrol Harbors,Trompburgh,Indiana,93168-0499,Macao
Rodrick,Renner,900-209-0184,Kertzmann Courts,Lake Domenicbury,New Jersey,09805-5875,Monaco
Scottie,Goyette,(375) 781-8887 x43176,Vincenzo Forges,West Lorita,New Mexico,21070,Pitcairn Islands
Doyle,Ernser,(120) 078-7673 x3045,Prudence Estate,Port Yulanda,California,63375-5263,Bolivia
Chang,Hermiston,(065) 787-1585 x67477,Franecki Springs,Port Hilariashire,Washington,82890-1761,Botswana
Marry,Bode,745.767.0055 x695,Pete Branch,Grimesview,South Carolina,39659-2311,Jordan
Kelley,Strosin,(196) 457-8562 x96506,Mann Lodge,North Yong,Iowa,92375-0467,United Arab Emirates
Hobert,Dicki,(222) 189-6921,Delana Crescent,North Ian,Indiana,25832-0706,Germany
Josette,Shanahan,1-427-733-1620 x81770,Alesha Knoll,Lake Dennachester,Wyoming,72264-7573,Armenia
Skye,Lakin,(718) 559-3022 x51738,Mazie Curve,Douglasberg,Mississippi,86371,United Kingdom
Belen,Robel,1-675-198-6249 x318,Koelpin Crest,Pattymouth,South Carolina,20421-6781,Israel
Sharron,Collier,281.177.0327,Doloris Harbors,Brownchester,Minnesota,75348-8117,Guadeloupe
Shalon,Hegmann,640-577-1587 x34499,Labadie Union,South Lesleyshire,Tennessee,69990,Israel
Kiley,Fay,852-148-0690 x827,Shawanda Viaduct,Hueltown,Ohio,72896-3491,Bangladesh
Vicente,Nitzsche,712-071-8386,Duane Road,South Ophelia,West Virginia,89466-9097,Guinea
Kiara,Kshlerin,659-095-2309,Adelaide Green,Ankundingbury,Utah,63337,Nigeria
Darwin,Dicki,115.994.6391 x6336,Ozzie Knoll,Okunevaside,Idaho,43174,China
Margo,Rosenbaum,(271) 226-8098,Sporer Club,Deandrefort,South Dakota,65850-4934,Saint Vincent and the Grenadines
Izetta,Lang,1-723-152-3616,Hackett Station,East Crissychester,Florida,25388,Germany
Clint,Haag,1-607-728-7416,Conroy Course,East Chandramouth,Iowa,40976,New Zealand
Faustino,Green,155-670-2846,Coralee Locks,West Nida,Delaware,48024-7362,Indonesia
Tonie,Carter,921.204.1685,Leonardo Viaduct,New Christianshire,Maryland,04938-3517,Argentina
Kimber,Gusikowski,(061) 380-0132 x451,Jacquetta Circle,South Eda,Wyoming,79894-3623,Georgia
Denita,Hermiston,658-933-1798 x499,Adolph Route,Gaylordbury,Iowa,13599-8575,Jersey
Malcom,Cummings,106.116.8454 x756,Walker Bridge,Pourosburgh,South Dakota,99340-3414,Iceland
Rickey,Kiehn,1-974-488-8102 x5316,Pat Cove,East Kami,Iowa,77583,Christmas Island
Kaitlyn,Lindgren,1-716-902-8431,Myrtis Divide,Lake Charlesmouth,Massachusetts,82528,Isle of Man
Lurline,Abshire,(462) 407-4098 x4221,Naida Loop,East Brad,Oregon,07109,Somalia
Sherly,Jacobs,371.098.8184 x86249,Elmo Manor,West Lavadaborough,Iowa,61407-5878,Iceland
Arden,Stoltenberg,039.392.9658,Pouros Keys,Port Hattie,South Dakota,43956,Tunisia
Coy,Towne,(380) 508-9168 x57530,Farrell Cove,North Luis,Wisconsin,37856-5267,United States Minor Outlying Islands
Lionel,Brown,681.415.6804,Jaskolski Locks,Astridfurt,Wyoming,62601,Zimbabwe
Kimberlie,Mueller,029.557.2227,Willis Ferry,North Sherryside,Nevada,68890,Oman
Paulita,Kertzmann,(864) 922-6491 x57000,Harris Forges,Jermaineshire,Massachusetts,97495,Equatorial Guinea
Donovan,Marquardt,(620) 998-6615 x210,Shanahan Hills,New Kymberly,Michigan,11051,Cambodia
Robt,Emmerich,(981) 471-2677 x2719,Boris Harbor,East Marybeth,California,93873,Tuvalu
Lynn,Cronin,(052) 572-1000 x8762,Quincy Well,Gutkowskiland,Minnesota,47035,Malawi
Stacey,Johns,402-952-0767,Sanford Pike,South Adrienechester,Oklahoma,02534-6982,Aruba
Lanie,Hagenes,1-148-345-8443 x215,Jenkins Ridge,Lake Chanellburgh,Nevada,87321-7710,British Indian Ocean Territory (Chagos Archipelago)
Hung,Koepp,(541) 368-7471 x804,Champlin Plains,Brittaniefurt,Nebraska,97691,Ukraine
Hyman,Medhurst,108.747.5373,Grady Groves,Haleyburgh,Oregon,49844-0136,Sri Lanka
Darren,Stark,660-346-5572 x7278,Latasha Point,New Chantellbury,Texas,47924-4460,Timor-Leste
Celinda,Gutkowski,(415) 766-5412 x410,Yundt Rue,Ematon,Arkansas,23295,Palau
Daron,Altenwerth,001.954.8095,Laci Ports,North Kristina,Illinois,24110,Monaco
Hassan,Herman,1-194-868-7830,Ankunding Village,Port Luna,Virginia,62336-2811,San Marino
Francesca,Marks,(213) 907-9982 x0869,Isaac Cape,Kohlerville,Rhode Island,14276,Senegal
Evan,Wintheiser,423.710.5082,Bahringer Coves,Port Kimport,Hawaii,03502,New Zealand
Leonarda,West,538-808-0914 x7536,Hannah Port,North Corteztown,Washington,32333,United Kingdom
Willy,Collins,1-547-199-2499,Dovie Vista,South Jada,Connecticut,93830-3119,Norway
Shamika,Mills,689-469-1626,Lemke Burg,North Cammieside,New Jersey,88979,Guadeloupe
Abel,Hirthe,585-719-7997,Witting Fields,Doyleshire,Washington,62607-9695,Grenada
Luigi,Ledner,1-911-004-4313,Skiles Shore,Louville,Maryland,46774,Saudi Arabia
Diego,Koss,1-043-014-5627,Dooley Junction,Howeside,Texas,98664,Gambia
Marci,Wintheiser,304-784-2744,Buford Trafficway,New Stevie,Minnesota,66410,Eritrea
Cordell,Fritsch,(971) 445-2077 x323,Koepp Via,Botsfordside,Hawaii,89834-9929,Maldives
Lady,Turcotte,127.349.8162 x0859,Piper Corners,Collierfort,Tennessee,76455,Lao People's Democratic Republic
Elida,Bins,(479) 666-8659 x716,McKenzie Run,Janeenbury,North Dakota,70100-8388,Macedonia
Guadalupe,Heathcote,714.437.6415 x44863,Parker Underpass,North Karynmouth,Nevada,93720,Portugal
Fidel,Feil,1-159-715-0237 x85699,Mason Ports,Charletteville,Kansas,88626-5441,Philippines
Ashleigh,Beatty,669.023.7098,Valeri Wall,Port Hailey,Arkansas,38173,Martinique
Octavio,Rowe,(443) 044-5512 x8197,Lillie Oval,Martintown,Maine,43166,Denmark
Sal,Stokes,396-339-4755,Prosacco Wall,West Del,Kansas,74089,Saint Lucia
Dannette,Grimes,(060) 608-6072 x154,Vada Neck,New Haileytown,Mississippi,90636,Bhutan
Agatha,Collins,153-668-6897,Ullrich Knolls,Lake Silasfurt,Montana,08032,Iceland
Gwenn,Bergnaum,632.825.8276 x56412,Jestine Shoal,Johnniehaven,Mississippi,61057,Hungary
Harry,Keebler,705.692.2591 x776,Braun Greens,North Dale,Wisconsin,81432-8249,Ukraine
